source_wav,annotation_file,call_index,call_type,begin_time,end_time,freq_min,freq_max,nfft,nperseg,noverlap,saved_spectrogram,label
5713.210806110002,5713.210806110002.Table.1.selections.txt,0,Rupe B,13.433864864,13.703649037,20,2000,8192,4096,2048,5713.210806110002_seg0_call_0.npy,Rupe B
5713.210806110002,5713.210806110002.Table.1.selections.txt,1,Rupe B,26.072555253,26.283886188,20,2000,8192,4096,2048,5713.210806110002_seg0_call_1.npy,Rupe B
5713.210806110002,5713.210806110002.Table.1.selections.txt,2,Rupe A,53.382769186,53.528887907,20,2000,8192,4096,2048,5713.210806110002_seg0_call_2.npy,Rupe A
5713.210806110002,5713.210806110002.Table.1.selections.txt,3,Rupe A,65.997665355,66.110075427,20,2000,8192,4096,2048,5713.210806110002_seg0_call_3.npy,Rupe A
5713.210806110002,5713.210806110002.Table.1.selections.txt,4,Rupe B,81.003161373,81.266116762,20,2000,8192,4096,2048,5713.210806110002_seg0_call_4.npy,Rupe B
5713.210806110002,5713.210806110002.Table.1.selections.txt,5,Rupe B,86.568315707,86.874071102,20,2000,8192,4096,2048,5713.210806110002_seg0_call_5.npy,Rupe B
5713.210806110002,5713.210806110002.Table.1.selections.txt,6,Rupe A,97.068628421,97.333468604,20,2000,8192,4096,2048,5713.210806110002_seg0_call_6.npy,Rupe A
5713.210806110002,5713.210806110002.Table.1.selections.txt,7,Rupe A,97.899553556,98.048987093,20,2000,8192,4096,2048,5713.210806110002_seg0_call_7.npy,Rupe A
5713.210806110002,5713.210806110002.Table.1.selections.txt,8,Rupe A,105.623018046,105.750195524,20,2000,8192,4096,2048,5713.210806110002_seg0_call_8.npy,Rupe A
5713.210806110002,5713.210806110002.Table.1.selections.txt,9,Rupe A,106.102973655,106.167549617,20,2000,8192,4096,2048,5713.210806110002_seg0_call_9.npy,Rupe A
5713.210806110002,5713.210806110002.Table.1.selections.txt,10,Rupe A,106.716445292,106.768106061,20,2000,8192,4096,2048,5713.210806110002_seg0_call_10.npy,Rupe A
5713.210806110002,5713.210806110002.Table.1.selections.txt,11,Rupe B,107.710915103,107.975676546,20,2000,8192,4096,2048,5713.210806110002_seg0_call_11.npy,Rupe B
5713.210806110002,5713.210806110002.Table.1.selections.txt,12,Rupe A,117.189087212,117.311781539,20,2000,8192,4096,2048,5713.210806110002_seg0_call_12.npy,Rupe A
5713.210806110002,5713.210806110002.Table.1.selections.txt,13,Rupe A,117.938168368,118.035032311,20,2000,8192,4096,2048,5713.210806110002_seg0_call_13.npy,Rupe A
5713.210806110002,5713.210806110002.Table.1.selections.txt,14,Rupe A,118.499944937,118.608045794,20,2000,8192,4096,2048,5713.210806110002_seg0_call_14.npy,Rupe A
5713.210806110002,5713.210806110002.Table.1.selections.txt,15,Rupe A,119.695407316,119.83848198,20,2000,8192,4096,2048,5713.210806110002_seg0_call_15.npy,Rupe A
5713.210806110002,5713.210806110002.Table.1.selections.txt,16,Rupe B,121.986442345,122.332635121,20,2000,8192,4096,2048,5713.210806110002_seg0_call_16.npy,Rupe B
5713.210806110002,5713.210806110002.Table.1.selections.txt,17,Rupe B,122.688726458,122.882672113,20,2000,8192,4096,2048,5713.210806110002_seg0_call_17.npy,Rupe B
5713.210806110002,5713.210806110002.Table.1.selections.txt,18,Rupe A,123.206928022,123.375484843,20,2000,8192,4096,2048,5713.210806110002_seg0_call_18.npy,Rupe A
5713.210806110002,5713.210806110002.Table.1.selections.txt,19,Rupe A,124.043166605,124.097217034,20,2000,8192,4096,2048,5713.210806110002_seg0_call_19.npy,Rupe A
5713.210806110002,5713.210806110002.Table.1.selections.txt,20,Rupe A,124.507355405,124.647250631,20,2000,8192,4096,2048,5713.210806110002_seg0_call_20.npy,Rupe A
5713.210806110002,5713.210806110002.Table.1.selections.txt,21,Rupe A,126.036664585,126.256045736,20,2000,8192,4096,2048,5713.210806110002_seg0_call_21.npy,Rupe A
5713.210806110002,5713.210806110002.Table.1.selections.txt,22,Rupe A,129.332893466,129.526839121,20,2000,8192,4096,2048,5713.210806110002_seg0_call_22.npy,Rupe A
5713.210806110002,5713.210806110002.Table.1.selections.txt,23,Rupe A,141.756918304,141.930919691,20,2000,8192,4096,2048,5713.210806110002_seg0_call_23.npy,Rupe A
5713.210806110002,5713.210806110002.Table.1.selections.txt,24,Rupe A,144.04290735,144.261435661,20,2000,8192,4096,2048,5713.210806110002_seg0_call_24.npy,Rupe A
5713.210806110002,5713.210806110002.Table.1.selections.txt,25,Rupe B,243.849832846,244.096333166,20,2000,8192,4096,2048,5713.210806110002_seg0_call_25.npy,Rupe B
5713.210806110002,5713.210806110002.Table.1.selections.txt,26,Rupe A,253.643892285,253.798874593,20,2000,8192,4096,2048,5713.210806110002_seg0_call_26.npy,Rupe A
5713.210806110002,5713.210806110002.Table.1.selections.txt,27,Type 4 A,262.381020655,262.566851621,20,2000,8192,4096,2048,5713.210806110002_seg0_call_27.npy,Type 4 A
5713.210806110002,5713.210806110002.Table.1.selections.txt,28,Rupe A,263.879182968,264.092283642,20,2000,8192,4096,2048,5713.210806110002_seg0_call_28.npy,Rupe A
5713.210806110002,5713.210806110002.Table.1.selections.txt,29,Rupe A,265.180335262,265.396536976,20,2000,8192,4096,2048,5713.210806110002_seg0_call_29.npy,Rupe A
5713.210806110002,5713.210806110002.Table.1.selections.txt,30,Rupe A,278.213540146,278.448818481,20,2000,8192,4096,2048,5713.210806110002_seg0_call_30.npy,Rupe A
5713.210806110002,5713.210806110002.Table.1.selections.txt,31,Rupe B,308.350812236,308.591343175,20,2000,8192,4096,2048,5713.210806110002_seg0_call_31.npy,Rupe B
5713.210806110002,5713.210806110002.Table.1.selections.txt,32,Rupe B,374.207326449,374.472166632,20,2000,8192,4096,2048,5713.210806110002_seg0_call_32.npy,Rupe B
5713.210806110002,5713.210806110002.Table.1.selections.txt,33,Rupe B,375.601271907,375.882652079,20,2000,8192,4096,2048,5713.210806110002_seg0_call_33.npy,Rupe B
5713.210806110002,5713.210806110002.Table.1.selections.txt,34,Rupe B,377.971134921,378.252515093,20,2000,8192,4096,2048,5713.210806110002_seg0_call_34.npy,Rupe B
5713.210806110002,5713.210806110002.Table.1.selections.txt,35,Rupe B,387.77803971,387.98260597,20,2000,8192,4096,2048,5713.210806110002_seg0_call_35.npy,Rupe B
5713.210806110002,5713.210806110002.Table.1.selections.txt,36,Rupe C,396.689586239,397.027452061,20,2000,8192,4096,2048,5713.210806110002_seg0_call_36.npy,Rupe C
5713.210806110002,5713.210806110002.Table.1.selections.txt,37,Type 4 A,417.311333151,417.634046003,20,2000,8192,4096,2048,5713.210806110002_seg0_call_37.npy,Type 4 A
5713.210806110002,5713.210806110002.Table.1.selections.txt,38,Type 4 A,420.282988853,420.570727898,20,2000,8192,4096,2048,5713.210806110002_seg0_call_38.npy,Type 4 A
5713.210806110002,5713.210806110002.Table.1.selections.txt,39,Rupe A,444.818625428,444.98300899,20,2000,8192,4096,2048,5713.210806110002_seg0_call_39.npy,Rupe A
5713.210806110002,5713.210806110002.Table.1.selections.txt,40,Rupe A,519.214171534,519.342025416,20,2000,8192,4096,2048,5713.210806110002_seg0_call_40.npy,Rupe A
5713.210806110002,5713.210806110002.Table.1.selections.txt,41,Rupe A,519.643395279,519.789514,20,2000,8192,4096,2048,5713.210806110002_seg0_call_41.npy,Rupe A
5713.210806110002,5713.210806110002.Table.1.selections.txt,42,Rupe A,521.159374217,521.259830838,20,2000,8192,4096,2048,5713.210806110002_seg0_call_42.npy,Rupe A
5713.210806110002,5713.210806110002.Table.1.selections.txt,43,Rupe A,522.127410746,522.246132208,20,2000,8192,4096,2048,5713.210806110002_seg0_call_43.npy,Rupe A
5713.210806110002,5713.210806110002.Table.1.selections.txt,44,Rupe B,523.281711158,523.5519633,20,2000,8192,4096,2048,5713.210806110002_seg0_call_44.npy,Rupe B
5713.210806110002,5713.210806110002.Table.1.selections.txt,45,Rupe C,527.05116228,527.443856344,20,2000,8192,4096,2048,5713.210806110002_seg0_call_45.npy,Rupe C
5713.210806110002,5713.210806110002.Table.1.selections.txt,46,Rupe A,527.813454841,527.989913593,20,2000,8192,4096,2048,5713.210806110002_seg0_call_46.npy,Rupe A
5713.210806110002,5713.210806110002.Table.1.selections.txt,47,Rupe A,528.748209309,528.880155943,20,2000,8192,4096,2048,5713.210806110002_seg0_call_47.npy,Rupe A
5713.210806110002,5713.210806110002.Table.1.selections.txt,48,Rupe A,529.477138898,529.570932288,20,2000,8192,4096,2048,5713.210806110002_seg0_call_48.npy,Rupe A
5713.210806110002,5713.210806110002.Table.1.selections.txt,49,Rupe A,530.530614334,530.60130604,20,2000,8192,4096,2048,5713.210806110002_seg0_call_49.npy,Rupe A
5713.210806110002,5713.210806110002.Table.1.selections.txt,50,Rupe B,538.827067577,539.129114088,20,2000,8192,4096,2048,5713.210806110002_seg0_call_50.npy,Rupe B
5713.210806110002,5713.210806110002.Table.1.selections.txt,51,Rupe B,548.861666152,549.060380962,20,2000,8192,4096,2048,5713.210806110002_seg0_call_51.npy,Rupe B
5713.210806110002,5713.210806110002.Table.1.selections.txt,52,Rupe B,555.796179111,556.066431253,20,2000,8192,4096,2048,5713.210806110002_seg0_call_52.npy,Rupe B
5713.210806110002,5713.210806110002.Table.1.selections.txt,53,Rupe B,556.793811456,557.000474859,20,2000,8192,4096,2048,5713.210806110002_seg0_call_53.npy,Rupe B
5713.210806110002,5713.210806110002.Table.1.selections.txt,54,Rupe B,558.599561567,558.914765439,20,2000,8192,4096,2048,5713.210806110002_seg0_call_54.npy,Rupe B
5713.210806110002,5713.210806110002.Table.1.selections.txt,55,Rupe B,590.707223298,590.854390591,20,2000,8192,4096,2048,5713.210806110002_seg0_call_55.npy,Rupe B
5713.210806110002,5713.210806110002.Table.1.selections.txt,56,Rupe B,599.511751387,599.847181987,20,2000,8192,4096,2048,5713.210806110002_seg0_call_56.npy,Rupe B
5713.210806110002,5713.210806110002.Table.1.selections.txt,57,Rupe B,626.353310589,626.49942931,20,2000,8192,4096,2048,5713.210806110002_seg0_call_57.npy,Rupe B
5713.210806110002,5713.210806110002.Table.1.selections.txt,58,Rupe B,627.650114242,627.796232963,20,2000,8192,4096,2048,5713.210806110002_seg0_call_58.npy,Rupe B
5713.210806110002,5713.210806110002.Table.1.selections.txt,59,Rupe B,651.745096174,651.988323102,20,2000,8192,4096,2048,5713.210806110002_seg0_call_59.npy,Rupe B
5713.210806110002,5713.210806110002.Table.1.selections.txt,60,Rupe A,654.564732681,654.612424236,20,2000,8192,4096,2048,5713.210806110002_seg0_call_60.npy,Rupe A
5713.210806110002,5713.210806110002.Table.1.selections.txt,61,Rupe A,656.165510643,656.245943605,20,2000,8192,4096,2048,5713.210806110002_seg0_call_61.npy,Rupe A
5713.210806110002,5713.210806110002.Table.1.selections.txt,62,Rupe B,657.825513613,658.055921259,20,2000,8192,4096,2048,5713.210806110002_seg0_call_62.npy,Rupe B
5713.210806110002,5713.210806110002.Table.1.selections.txt,63,Rupe A,667.242196159,667.337579268,20,2000,8192,4096,2048,5713.210806110002_seg0_call_63.npy,Rupe A
5713.210806110002,5713.210806110002.Table.1.selections.txt,64,Rupe A,668.258329933,668.394166252,20,2000,8192,4096,2048,5713.210806110002_seg0_call_64.npy,Rupe A
5713.210806110002,5713.210806110002.Table.1.selections.txt,65,Type 4 A,673.290293175,673.436411896,20,2000,8192,4096,2048,5713.210806110002_seg0_call_65.npy,Type 4 A
5713.210806110002,5713.210806110002.Table.1.selections.txt,66,Rupe A,682.194376001,682.265473597,20,2000,8192,4096,2048,5713.210806110002_seg0_call_66.npy,Rupe A
5713.210806110002,5713.210806110002.Table.1.selections.txt,67,Type 4 A,685.765152257,686.027117482,20,2000,8192,4096,2048,5713.210806110002_seg0_call_67.npy,Type 4 A
5713.210806110002,5713.210806110002.Table.1.selections.txt,68,Rupe A,684.646193663,684.697064654,20,2000,8192,4096,2048,5713.210806110002_seg0_call_68.npy,Rupe A
5713.210806110002,5713.210806110002.Table.1.selections.txt,69,Type 4 A,687.264931384,687.500311131,20,2000,8192,4096,2048,5713.210806110002_seg0_call_69.npy,Type 4 A
5713.210806110002,5713.210806110002.Table.1.selections.txt,70,Rupe B,689.032629663,689.345059989,20,2000,8192,4096,2048,5713.210806110002_seg0_call_70.npy,Rupe B
5713.210806110002,5713.210806110002.Table.1.selections.txt,71,Rupe B,690.970630337,691.3176623,20,2000,8192,4096,2048,5713.210806110002_seg0_call_71.npy,Rupe B
5713.210806110002,5713.210806110002.Table.1.selections.txt,72,Type 4 A,704.114426998,704.278810559,20,2000,8192,4096,2048,5713.210806110002_seg0_call_72.npy,Type 4 A
5713.210806110002,5713.210806110002.Table.1.selections.txt,73,Rupe A,705.825910139,705.922646176,20,2000,8192,4096,2048,5713.210806110002_seg0_call_73.npy,Rupe A
5713.210806110002,5713.210806110002.Table.1.selections.txt,74,Type 4 A,706.918079966,707.164655308,20,2000,8192,4096,2048,5713.210806110002_seg0_call_74.npy,Type 4 A
5713.210806110002,5713.210806110002.Table.1.selections.txt,75,Rupe A,709.709184287,709.813057135,20,2000,8192,4096,2048,5713.210806110002_seg0_call_75.npy,Rupe A
5713.210806110002,5713.210806110002.Table.1.selections.txt,76,Type 4 A,731.372061975,731.692610056,20,2000,8192,4096,2048,5713.210806110002_seg0_call_76.npy,Type 4 A
5713.210806110002,5713.210806110002.Table.1.selections.txt,77,Rupe B,735.162016313,735.445121336,20,2000,8192,4096,2048,5713.210806110002_seg0_call_77.npy,Rupe B
5713.210806110002,5713.210806110002.Table.1.selections.txt,78,Rupe A,737.861853312,737.989707193,20,2000,8192,4096,2048,5713.210806110002_seg0_call_78.npy,Rupe A
5713.210806110002,5713.210806110002.Table.1.selections.txt,79,Rupe A,738.43131073,738.501122718,20,2000,8192,4096,2048,5713.210806110002_seg0_call_79.npy,Rupe A
5713.210806110002,5713.210806110002.Table.1.selections.txt,80,Rupe B,739.45109723,739.80719417,20,2000,8192,4096,2048,5713.210806110002_seg0_call_80.npy,Rupe B
5713.210806110002,5713.210806110002.Table.1.selections.txt,81,Rupe A,740.135825914,740.316140136,20,2000,8192,4096,2048,5713.210806110002_seg0_call_81.npy,Rupe A
5713.210806110002,5713.210806110002.Table.1.selections.txt,82,Rupe A,740.829889841,740.985140983,20,2000,8192,4096,2048,5713.210806110002_seg0_call_82.npy,Rupe A
5713.210806110002,5713.210806110002.Table.1.selections.txt,83,Rupe A,741.575197175,741.657862536,20,2000,8192,4096,2048,5713.210806110002_seg0_call_83.npy,Rupe A
5713.210806110002,5713.210806110002.Table.1.selections.txt,84,Rupe A,743.224917716,743.315531669,20,2000,8192,4096,2048,5713.210806110002_seg0_call_84.npy,Rupe A
5713.210806110002,5713.210806110002.Table.1.selections.txt,85,Rupe B,745.401408178,745.705044408,20,2000,8192,4096,2048,5713.210806110002_seg0_call_85.npy,Rupe B
5713.210806110002,5713.210806110002.Table.1.selections.txt,86,Rupe A,749.879777281,749.943366021,20,2000,8192,4096,2048,5713.210806110002_seg0_call_86.npy,Rupe A
5713.210806110002,5713.210806110002.Table.1.selections.txt,87,Rupe A,750.517693759,750.59988554,20,2000,8192,4096,2048,5713.210806110002_seg0_call_87.npy,Rupe A
5713.210806110002,5713.210806110002.Table.1.selections.txt,88,Rupe A,751.50632894,751.593763456,20,2000,8192,4096,2048,5713.210806110002_seg0_call_88.npy,Rupe A
5713.210806110002,5713.210806110002.Table.1.selections.txt,89,Rupe A,752.228061131,752.335045358,20,2000,8192,4096,2048,5713.210806110002_seg0_call_89.npy,Rupe A
5713.210806110002,5713.210806110002.Table.1.selections.txt,90,Rupe B,759.900625541,760.174598143,20,2000,8192,4096,2048,5713.210806110002_seg0_call_90.npy,Rupe B
5713.210806110002,5713.210806110002.Table.1.selections.txt,91,Rupe B,761.196549722,761.385726222,20,2000,8192,4096,2048,5713.210806110002_seg0_call_91.npy,Rupe B
5713.210806110002,5713.210806110002.Table.1.selections.txt,92,Rupe B,762.103771059,762.407407289,20,2000,8192,4096,2048,5713.210806110002_seg0_call_92.npy,Rupe B
5713.210806110002,5713.210806110002.Table.1.selections.txt,93,Rupe B,762.85039723,763.069575312,20,2000,8192,4096,2048,5713.210806110002_seg0_call_93.npy,Rupe B
5713.210806110002,5713.210806110002.Table.1.selections.txt,94,Rupe B,763.85166481,764.048789902,20,2000,8192,4096,2048,5713.210806110002_seg0_call_94.npy,Rupe B
5713.210806110002,5713.210806110002.Table.1.selections.txt,95,Rupe B,764.843869133,765.231760442,20,2000,8192,4096,2048,5713.210806110002_seg0_call_95.npy,Rupe B
5713.210806110002,5713.210806110002.Table.1.selections.txt,96,Rupe B,765.724403579,765.961271633,20,2000,8192,4096,2048,5713.210806110002_seg0_call_96.npy,Rupe B
5713.210806110002,5713.210806110002.Table.1.selections.txt,97,Rupe B,768.174055787,768.499948076,20,2000,8192,4096,2048,5713.210806110002_seg0_call_97.npy,Rupe B
5713.210806110002,5713.210806110002.Table.1.selections.txt,98,Rupe A,777.572912832,777.726236054,20,2000,8192,4096,2048,5713.210806110002_seg0_call_98.npy,Rupe A
5713.210806110002,5713.210806110002.Table.1.selections.txt,99,Rupe A,778.599870357,778.800022646,20,2000,8192,4096,2048,5713.210806110002_seg0_call_99.npy,Rupe A
5713.210806110002,5713.210806110002.Table.1.selections.txt,100,Rupe A,779.503168165,779.763881996,20,2000,8192,4096,2048,5713.210806110002_seg0_call_100.npy,Rupe A
5713.210806110002,5713.210806110002.Table.1.selections.txt,101,Rupe B,784.060448735,784.3068551,20,2000,8192,4096,2048,5713.210806110002_seg0_call_101.npy,Rupe B
5713.210806110002,5713.210806110002.Table.1.selections.txt,102,Rupe B,786.144562117,786.51899134,20,2000,8192,4096,2048,5713.210806110002_seg0_call_102.npy,Rupe B
5713.210806110002,5713.210806110002.Table.1.selections.txt,103,Rupe C,788.007575815,788.582918281,20,2000,8192,4096,2048,5713.210806110002_seg0_call_103.npy,Rupe C
5713.210806110002,5713.210806110002.Table.1.selections.txt,104,Rupe B,789.491221911,789.852324674,20,2000,8192,4096,2048,5713.210806110002_seg0_call_104.npy,Rupe B
5713.210806110002,5713.210806110002.Table.1.selections.txt,105,Rupe B,790.372872104,790.646844707,20,2000,8192,4096,2048,5713.210806110002_seg0_call_105.npy,Rupe B
5713.210806110002,5713.210806110002.Table.1.selections.txt,106,Rupe B,790.92081731,791.167392652,20,2000,8192,4096,2048,5713.210806110002_seg0_call_106.npy,Rupe B
5713.210806110002,5713.210806110002.Table.1.selections.txt,107,Type 4 A,793.53268897,793.870588513,20,2000,8192,4096,2048,5713.210806110002_seg0_call_107.npy,Type 4 A
5713.210806110002,5713.210806110002.Table.1.selections.txt,108,Rupe A,915.704440957,915.850559679,20,2000,8192,4096,2048,5713.210806110002_seg0_call_108.npy,Rupe A
5713.210806110002,5713.210806110002.Table.1.selections.txt,109,Rupe A,916.270651003,916.572020866,20,2000,8192,4096,2048,5713.210806110002_seg0_call_109.npy,Rupe A
5713.210806110002,5713.210806110002.Table.1.selections.txt,110,Rupe A,917.421335934,917.567454656,20,2000,8192,4096,2048,5713.210806110002_seg0_call_110.npy,Rupe A
5713.210806110002,5713.210806110002.Table.1.selections.txt,111,Rupe B,920.471564245,920.763801688,20,2000,8192,4096,2048,5713.210806110002_seg0_call_111.npy,Rupe B
5713.210806110002,5713.210806110002.Table.1.selections.txt,112,Rupe A,935.312492522,935.394684303,20,2000,8192,4096,2048,5713.210806110002_seg0_call_112.npy,Rupe A
5713.210806110002,5713.210806110002.Table.1.selections.txt,113,Rupe A,935.958480648,936.03398192,20,2000,8192,4096,2048,5713.210806110002_seg0_call_113.npy,Rupe A
5713.210806110002,5713.210806110002.Table.1.selections.txt,114,Rupe A,936.371807453,936.49853923,20,2000,8192,4096,2048,5713.210806110002_seg0_call_114.npy,Rupe A
5713.210806110002,5713.210806110002.Table.1.selections.txt,115,Rupe B,936.681919213,937.007811502,20,2000,8192,4096,2048,5713.210806110002_seg0_call_115.npy,Rupe B
5713.210806110002,5713.210806110002.Table.1.selections.txt,116,Rupe A,937.389705436,937.567753906,20,2000,8192,4096,2048,5713.210806110002_seg0_call_116.npy,Rupe A
5713.210806110002,5713.210806110002.Table.1.selections.txt,117,Rupe B,938.067735613,938.377700229,20,2000,8192,4096,2048,5713.210806110002_seg0_call_117.npy,Rupe B
5713.210806110002,5713.210806110002.Table.1.selections.txt,118,Rupe B,940.626167563,940.999484276,20,2000,8192,4096,2048,5713.210806110002_seg0_call_118.npy,Rupe B
5713.210806110002,5713.210806110002.Table.1.selections.txt,119,Rupe A,941.872248125,941.975579826,20,2000,8192,4096,2048,5713.210806110002_seg0_call_119.npy,Rupe A
5713.210806110002,5713.210806110002.Table.1.selections.txt,120,Rupe A,947.158310669,947.248717016,20,2000,8192,4096,2048,5713.210806110002_seg0_call_120.npy,Rupe A
5713.210806110002,5713.210806110002.Table.1.selections.txt,121,Rupe A,947.586792791,947.655150686,20,2000,8192,4096,2048,5713.210806110002_seg0_call_121.npy,Rupe A
5713.210806110002,5713.210806110002.Table.1.selections.txt,122,Rupe A,948.346508365,948.4562875,20,2000,8192,4096,2048,5713.210806110002_seg0_call_122.npy,Rupe A
5713.210806110002,5713.210806110002.Table.1.selections.txt,123,Rupe A,948.94706481,949.018098368,20,2000,8192,4096,2048,5713.210806110002_seg0_call_123.npy,Rupe A
5713.210806110002,5713.210806110002.Table.1.selections.txt,124,Rupe C,1024.073694213,1024.266050149,20,2000,8192,4096,2048,5713.210806110002_seg0_call_124.npy,Rupe C
5713.210806110002,5713.210806110002.Table.1.selections.txt,125,Rupe A,1026.207385917,1026.369329595,20,2000,8192,4096,2048,5713.210806110002_seg0_call_125.npy,Rupe A
5713.210806110002,5713.210806110002.Table.1.selections.txt,126,Rupe A,1027.202359502,1027.260477868,20,2000,8192,4096,2048,5713.210806110002_seg0_call_126.npy,Rupe A
5713.210806110002,5713.210806110002.Table.1.selections.txt,127,Rupe B,1027.838027674,1028.003101428,20,2000,8192,4096,2048,5713.210806110002_seg0_call_127.npy,Rupe B
5713.210806110002,5713.210806110002.Table.1.selections.txt,128,Rupe A,1029.71436536,1029.79831411,20,2000,8192,4096,2048,5713.210806110002_seg0_call_128.npy,Rupe A
5713.210806110002,5713.210806110002.Table.1.selections.txt,129,Rupe B,1061.945646726,1062.169586307,20,2000,8192,4096,2048,5713.210806110002_seg0_call_129.npy,Rupe B
5713.210806110002,5713.210806110002.Table.1.selections.txt,130,Rupe A,1060.951177427,1061.002838196,20,2000,8192,4096,2048,5713.210806110002_seg0_call_130.npy,Rupe A
5713.210806110002,5713.210806110002.Table.1.selections.txt,131,Rupe A,1061.520186307,1061.604441387,20,2000,8192,4096,2048,5713.210806110002_seg0_call_131.npy,Rupe A
5713.210806110002,5713.210806110002.Table.1.selections.txt,132,Rupe B,1192.028299626,1192.293061069,20,2000,8192,4096,2048,5713.210806110002_seg0_call_132.npy,Rupe B
5713.210806110002,5713.210806110002.Table.1.selections.txt,133,Rupe B,1192.62885607,1193.042142225,20,2000,8192,4096,2048,5713.210806110002_seg0_call_133.npy,Rupe B
5713.210806110002,5713.210806110002.Table.1.selections.txt,134,Rupe B,1193.487716362,1193.90757916,20,2000,8192,4096,2048,5713.210806110002_seg0_call_134.npy,Rupe B
5713.210806110002,5713.210806110002.Table.1.selections.txt,135,Rupe B,1195.338696003,1195.63597336,20,2000,8192,4096,2048,5713.210806110002_seg0_call_135.npy,Rupe B
5713.210806110002,5713.210806110002.Table.1.selections.txt,136,Rupe A,96.013998153,96.202847074,20,2000,8192,4096,2048,5713.210806110002_seg0_call_136.npy,Rupe A
5713.210806110002,5713.210806110002.Table.1.selections.txt,137,Rupe A,116.156708059,116.207579051,20,2000,8192,4096,2048,5713.210806110002_seg0_call_137.npy,Rupe A
5713.210806110002,5713.210806110002.Table.1.selections.txt,138,Rupe A,705.182750617,705.2844926,20,2000,8192,4096,2048,5713.210806110002_seg0_call_138.npy,Rupe A
5713.210806110002,5713.210806110002.Table.1.selections.txt,139,Rupe A,936.088032349,936.13890334,20,2000,8192,4096,2048,5713.210806110002_seg0_call_139.npy,Rupe A
5713.210806110002,5713.210806110002.Table.1.selections.txt,0,no-call,766.6575982501057,767.6575982501057,20,2000,8192,4096,2048,5713.210806110002_seg0_nocall_0.npy,no-call
5713.210806110002,5713.210806110002.Table.1.selections.txt,1,no-call,29.98730359077072,30.98730359077072,20,2000,8192,4096,2048,5713.210806110002_seg0_nocall_1.npy,no-call
5713.210806110002,5713.210806110002.Table.1.selections.txt,2,no-call,329.7536436973726,330.7536436973726,20,2000,8192,4096,2048,5713.210806110002_seg0_nocall_2.npy,no-call
5713.210807110002,5713.210807110002.Table.1.selections.txt,0,Rupe A,1062.340241073,1062.408734224,20,2000,8192,4096,2048,5713.210807110002_seg0_call_0.npy,Rupe A
5713.210807110002,5713.210807110002.Table.1.selections.txt,1,Rupe B,1062.655309566,1062.883620069,20,2000,8192,4096,2048,5713.210807110002_seg0_call_1.npy,Rupe B
5713.210807110002,5713.210807110002.Table.1.selections.txt,2,Rupe B,1064.121062991,1064.326542443,20,2000,8192,4096,2048,5713.210807110002_seg0_call_2.npy,Rupe B
5713.210807110002,5713.210807110002.Table.1.selections.txt,3,Rupe A,1066.175857511,1066.280880343,20,2000,8192,4096,2048,5713.210807110002_seg0_call_3.npy,Rupe A
5713.210807110002,5713.210807110002.Table.1.selections.txt,4,Rupe A,1066.952114579,1067.06170362,20,2000,8192,4096,2048,5713.210807110002_seg0_call_4.npy,Rupe A
5713.210807110002,5713.210807110002.Table.1.selections.txt,5,Rupe A,1069.175859831,1069.294581292,20,2000,8192,4096,2048,5713.210807110002_seg0_call_5.npy,Rupe A
5713.210807110002,5713.210807110002.Table.1.selections.txt,6,Rupe B,1069.655311886,1069.947549329,20,2000,8192,4096,2048,5713.210807110002_seg0_call_6.npy,Rupe B
5713.210807110002,5713.210807110002.Table.1.selections.txt,7,Rupe A,1070.331110973,1070.427001384,20,2000,8192,4096,2048,5713.210807110002_seg0_call_7.npy,Rupe A
5713.210807110002,5713.210807110002.Table.1.selections.txt,8,Rupe B,1070.901887228,1071.11193289,20,2000,8192,4096,2048,5713.210807110002_seg0_call_8.npy,Rupe B
5713.210807110002,5713.210807110002.Table.1.selections.txt,9,Rupe A,1071.431567594,1071.586818735,20,2000,8192,4096,2048,5713.210807110002_seg0_call_9.npy,Rupe A
5713.210807110002,5713.210807110002.Table.1.selections.txt,10,Rupe C,1074.427005872,1074.673581214,20,2000,8192,4096,2048,5713.210807110002_seg0_call_10.npy,Rupe C
5713.210807110002,5713.210807110002.Table.1.selections.txt,11,Rupe A,1076.029746548,1076.152186585,20,2000,8192,4096,2048,5713.210807110002_seg0_call_11.npy,Rupe A
5713.210807110002,5713.210807110002.Table.1.selections.txt,12,Rupe A,1080.517487687,1080.686437458,20,2000,8192,4096,2048,5713.210807110002_seg0_call_12.npy,Rupe A
5713.210807110002,5713.210807110002.Table.1.selections.txt,13,Rupe A,1081.535752527,1081.645341568,20,2000,8192,4096,2048,5713.210807110002_seg0_call_13.npy,Rupe A
5713.210807110002,5713.210807110002.Table.1.selections.txt,14,Rupe B,1094.138737133,1094.367047636,20,2000,8192,4096,2048,5713.210807110002_seg0_call_14.npy,Rupe B
5713.210807110002,5713.210807110002.Table.1.selections.txt,15,Rupe A,1130.568732221,1130.787910303,20,2000,8192,4096,2048,5713.210807110002_seg0_call_15.npy,Rupe A
5713.210807110002,5713.210807110002.Table.1.selections.txt,16,Rupe A,1131.418047289,1131.582430851,20,2000,8192,4096,2048,5713.210807110002_seg0_call_16.npy,Rupe A
5713.210807110002,5713.210807110002.Table.1.selections.txt,17,Rupe A,1132.029919436,1132.176038157,20,2000,8192,4096,2048,5713.210807110002_seg0_call_17.npy,Rupe A
5713.210807110002,5713.210807110002.Table.1.selections.txt,18,Rupe A,1133.299325828,1133.4682756,20,2000,8192,4096,2048,5713.210807110002_seg0_call_18.npy,Rupe A
5713.210807110002,5713.210807110002.Table.1.selections.txt,19,Rupe A,1134.37750575,1134.485419419,20,2000,8192,4096,2048,5713.210807110002_seg0_call_19.npy,Rupe A
5713.210807110002,5713.210807110002.Table.1.selections.txt,20,Rupe A,1135.687458389,1135.77421638,20,2000,8192,4096,2048,5713.210807110002_seg0_call_20.npy,Rupe A
5713.210807110002,5713.210807110002.Table.1.selections.txt,21,Rupe A,1136.095177419,1136.243558714,20,2000,8192,4096,2048,5713.210807110002_seg0_call_21.npy,Rupe A
5713.210807110002,5713.210807110002.Table.1.selections.txt,22,Rupe A,1137.262800855,1137.372389896,20,2000,8192,4096,2048,5713.210807110002_seg0_call_22.npy,Rupe A
5713.210807110002,5713.210807110002.Table.1.selections.txt,23,Rupe A,1138.107549713,1138.203440124,20,2000,8192,4096,2048,5713.210807110002_seg0_call_23.npy,Rupe A
5713.210807110002,5713.210807110002.Table.1.selections.txt,0,no-call,766.6786993344549,767.6786993344549,20,2000,8192,4096,2048,5713.210807110002_seg0_nocall_0.npy,no-call
5713.210807110002,5713.210807110002.Table.1.selections.txt,1,no-call,29.98812894569307,30.98812894569307,20,2000,8192,4096,2048,5713.210807110002_seg0_nocall_1.npy,no-call
5713.210807110002,5713.210807110002.Table.1.selections.txt,2,no-call,329.7627196648788,330.7627196648788,20,2000,8192,4096,2048,5713.210807110002_seg0_nocall_2.npy,no-call
5713.210808110002,5713.210808110002.Table.1.selections.txt,0,Rupe B,943.860185074,944.042833476,20,2000,8192,4096,2048,5713.210808110002_seg0_call_0.npy,Rupe B
5713.210808110002,5713.210808110002.Table.1.selections.txt,1,Rupe A,945.494888271,945.613609732,20,2000,8192,4096,2048,5713.210808110002_seg0_call_1.npy,Rupe A
5713.210808110002,5713.210808110002.Table.1.selections.txt,2,Rupe B,945.914979595,946.152422517,20,2000,8192,4096,2048,5713.210808110002_seg0_call_2.npy,Rupe B
5713.210808110002,5713.210808110002.Table.1.selections.txt,3,Rupe B,946.627308362,946.910413385,20,2000,8192,4096,2048,5713.210808110002_seg0_call_3.npy,Rupe B
5713.210808110002,5713.210808110002.Table.1.selections.txt,4,Rupe B,948.161554937,948.380733019,20,2000,8192,4096,2048,5713.210808110002_seg0_call_4.npy,Rupe B
5713.210808110002,5713.210808110002.Table.1.selections.txt,5,Rupe B,950.252879138,950.490322061,20,2000,8192,4096,2048,5713.210808110002_seg0_call_5.npy,Rupe B
5713.210808110002,5713.210808110002.Table.1.selections.txt,6,Rupe B,953.714062366,954.362464192,20,2000,8192,4096,2048,5713.210808110002_seg0_call_6.npy,Rupe B
5713.210808110002,5713.210808110002.Table.1.selections.txt,7,Rupe A,954.627303647,954.709495428,20,2000,8192,4096,2048,5713.210808110002_seg0_call_7.npy,Rupe A
5713.210808110002,5713.210808110002.Table.1.selections.txt,8,Rupe B,955.321367574,955.540545656,20,2000,8192,4096,2048,5713.210808110002_seg0_call_8.npy,Rupe B
5713.210808110002,5713.210808110002.Table.1.selections.txt,9,Rupe A,956.052651631,956.237004149,20,2000,8192,4096,2048,5713.210808110002_seg0_call_9.npy,Rupe A
5713.210808110002,5713.210808110002.Table.1.selections.txt,10,Rupe B,956.846481729,957.138719172,20,2000,8192,4096,2048,5713.210808110002_seg0_call_10.npy,Rupe B
5713.210808110002,5713.210808110002.Table.1.selections.txt,11,Rupe B,959.175247616,959.440087799,20,2000,8192,4096,2048,5713.210808110002_seg0_call_11.npy,Rupe B
5713.210808110002,5713.210808110002.Table.1.selections.txt,12,Rupe A,959.677530721,959.777987342,20,2000,8192,4096,2048,5713.210808110002_seg0_call_12.npy,Rupe A
5713.210808110002,5713.210808110002.Table.1.selections.txt,13,Rupe A,961.303101497,961.54054442,20,2000,8192,4096,2048,5713.210808110002_seg0_call_13.npy,Rupe A
5713.210808110002,5713.210808110002.Table.1.selections.txt,14,Rupe A,962.143284146,962.262005607,20,2000,8192,4096,2048,5713.210808110002_seg0_call_14.npy,Rupe A
5713.210808110002,5713.210808110002.Table.1.selections.txt,15,Rupe A,971.94312958,972.318704516,20,2000,8192,4096,2048,5713.210808110002_seg0_call_15.npy,Rupe A
5713.210808110002,5713.210808110002.Table.1.selections.txt,16,Rupe A,974.069928142,974.391763876,20,2000,8192,4096,2048,5713.210808110002_seg0_call_16.npy,Rupe A
5713.210808110002,5713.210808110002.Table.1.selections.txt,17,Rupe A,976.245643555,976.318702915,20,2000,8192,4096,2048,5713.210808110002_seg0_call_17.npy,Rupe A
5713.210808110002,5713.210808110002.Table.1.selections.txt,18,Rupe A,977.22281185,977.341533311,20,2000,8192,4096,2048,5713.210808110002_seg0_call_18.npy,Rupe A
5713.210808110002,5713.210808110002.Table.1.selections.txt,19,Rupe A,978.044729658,978.163451119,20,2000,8192,4096,2048,5713.210808110002_seg0_call_19.npy,Rupe A
5713.210808110002,5713.210808110002.Table.1.selections.txt,20,Rupe A,980.090391758,980.21824564,20,2000,8192,4096,2048,5713.210808110002_seg0_call_20.npy,Rupe A
5713.210808110002,5713.210808110002.Table.1.selections.txt,21,Rupe A,981.557196397,981.661168014,20,2000,8192,4096,2048,5713.210808110002_seg0_call_21.npy,Rupe A
5713.210808110002,5713.210808110002.Table.1.selections.txt,22,Rupe A,996.172576701,996.336960263,20,2000,8192,4096,2048,5713.210808110002_seg0_call_22.npy,Rupe A
5713.210808110002,5713.210808110002.Table.1.selections.txt,23,Rupe A,1015.018103698,1015.127692739,20,2000,8192,4096,2048,5713.210808110002_seg0_call_23.npy,Rupe A
5713.210808110002,5713.210808110002.Table.1.selections.txt,24,Rupe A,952.097582621,952.209992693,20,2000,8192,4096,2048,5713.210808110002_seg0_call_24.npy,Rupe A
5713.210808110002,5713.210808110002.Table.1.selections.txt,0,no-call,766.6860527426371,767.6860527426371,20,2000,8192,4096,2048,5713.210808110002_seg0_nocall_0.npy,no-call
5713.210808110002,5713.210808110002.Table.1.selections.txt,1,no-call,29.988416569378128,30.988416569378128,20,2000,8192,4096,2048,5713.210808110002_seg0_nocall_1.npy,no-call
5713.210808110002,5713.210808110002.Table.1.selections.txt,2,no-call,329.76588250204,330.76588250204,20,2000,8192,4096,2048,5713.210808110002_seg0_nocall_2.npy,no-call
5713.210809120002,5713.210809120002.Table.1.selections.txt,0,Rupe A,871.984578874,872.045877014,20,2000,8192,4096,2048,5713.210809120002_seg0_call_0.npy,Rupe A
5713.210809120002,5713.210809120002.Table.1.selections.txt,1,Rupe A,872.605082471,872.730808521,20,2000,8192,4096,2048,5713.210809120002_seg0_call_1.npy,Rupe A
5713.210809120002,5713.210809120002.Table.1.selections.txt,2,Rupe A,873.525329069,873.61665327,20,2000,8192,4096,2048,5713.210809120002_seg0_call_2.npy,Rupe A
5713.210809120002,5713.210809120002.Table.1.selections.txt,3,Rupe A,874.776470622,874.904324503,20,2000,8192,4096,2048,5713.210809120002_seg0_call_3.npy,Rupe A
5713.210809120002,5713.210809120002.Table.1.selections.txt,4,Rupe A,876.69335617,876.876004572,20,2000,8192,4096,2048,5713.210809120002_seg0_call_4.npy,Rupe A
5713.210809120002,5713.210809120002.Table.1.selections.txt,5,Rupe B,877.095182654,877.364589047,20,2000,8192,4096,2048,5713.210809120002_seg0_call_5.npy,Rupe B
5713.210809120002,5713.210809120002.Table.1.selections.txt,6,Rupe A,884.521098279,884.664983171,20,2000,8192,4096,2048,5713.210809120002_seg0_call_6.npy,Rupe A
5713.210809120002,5713.210809120002.Table.1.selections.txt,7,Rupe B,887.606950278,887.981379502,20,2000,8192,4096,2048,5713.210809120002_seg0_call_7.npy,Rupe B
5713.210809120002,5713.210809120002.Table.1.selections.txt,8,Rupe B,891.800005265,892.179000699,20,2000,8192,4096,2048,5713.210809120002_seg0_call_8.npy,Rupe B
5713.210809120002,5713.210809120002.Table.1.selections.txt,9,Rupe B,892.539731293,893.119639969,20,2000,8192,4096,2048,5713.210809120002_seg0_call_9.npy,Rupe B
5713.210809120002,5713.210809120002.Table.1.selections.txt,10,Rupe B,893.553429923,893.927859147,20,2000,8192,4096,2048,5713.210809120002_seg0_call_10.npy,Rupe B
5713.210809120002,5713.210809120002.Table.1.selections.txt,11,Rupe B,894.343384261,894.576260973,20,2000,8192,4096,2048,5713.210809120002_seg0_call_11.npy,Rupe B
5713.210809120002,5713.210809120002.Table.1.selections.txt,12,Rupe B,895.30228837,895.768041795,20,2000,8192,4096,2048,5713.210809120002_seg0_call_12.npy,Rupe B
5713.210809120002,5713.210809120002.Table.1.selections.txt,13,Rupe B,962.736346481,963.151871595,20,2000,8192,4096,2048,5713.210809120002_seg0_call_13.npy,Rupe B
5713.210809120002,5713.210809120002.Table.1.selections.txt,14,Rupe B,963.498903558,963.845935522,20,2000,8192,4096,2048,5713.210809120002_seg0_call_14.npy,Rupe B
5713.210809120002,5713.210809120002.Table.1.selections.txt,15,Rupe A,964.453241458,964.61305881,20,2000,8192,4096,2048,5713.210809120002_seg0_call_15.npy,Rupe A
5713.210809120002,5713.210809120002.Table.1.selections.txt,16,Rupe B,965.754611321,966.051414974,20,2000,8192,4096,2048,5713.210809120002_seg0_call_16.npy,Rupe B
5713.210809120002,5713.210809120002.Table.1.selections.txt,17,Rupe B,972.04712934,972.576809705,20,2000,8192,4096,2048,5713.210809120002_seg0_call_17.npy,Rupe B
5713.210809120002,5713.210809120002.Table.1.selections.txt,18,Rupe C,973.209270859,973.775817622,20,2000,8192,4096,2048,5713.210809120002_seg0_call_18.npy,Rupe C
5713.210809120002,5713.210809120002.Table.1.selections.txt,19,Rupe A,979.219405865,979.370090797,20,2000,8192,4096,2048,5713.210809120002_seg0_call_19.npy,Rupe A
5713.210809120002,5713.210809120002.Table.1.selections.txt,20,Rupe B,979.767351071,980.109816824,20,2000,8192,4096,2048,5713.210809120002_seg0_call_20.npy,Rupe B
5713.210809120002,5713.210809120002.Table.1.selections.txt,21,Rupe A,981.799314541,982.013926413,20,2000,8192,4096,2048,5713.210809120002_seg0_call_21.npy,Rupe A
5713.210809120002,5713.210809120002.Table.1.selections.txt,22,Growl B,986.811773715,987.176303412,20,2000,8192,4096,2048,5713.210809120002_seg0_call_22.npy,Growl B
5713.210809120002,5713.210809120002.Table.1.selections.txt,23,Growl B,998.455311542,998.801534564,20,2000,8192,4096,2048,5713.210809120002_seg0_call_23.npy,Growl B
5713.210809120002,5713.210809120002.Table.1.selections.txt,24,Rupe A,1120.870469014,1120.943528375,20,2000,8192,4096,2048,5713.210809120002_seg0_call_24.npy,Rupe A
5713.210809120002,5713.210809120002.Table.1.selections.txt,25,Rupe A,1131.585286285,1131.792120817,20,2000,8192,4096,2048,5713.210809120002_seg0_call_25.npy,Rupe A
5713.210809120002,5713.210809120002.Table.1.selections.txt,26,Rupe A,1150.020157652,1150.093217013,20,2000,8192,4096,2048,5713.210809120002_seg0_call_26.npy,Rupe A
5713.210809120002,5713.210809120002.Table.1.selections.txt,27,Rupe A,1150.321527515,1150.412851716,20,2000,8192,4096,2048,5713.210809120002_seg0_call_27.npy,Rupe A
5713.210809120002,5713.210809120002.Table.1.selections.txt,28,Rupe A,884.961745761,885.231529934,20,2000,8192,4096,2048,5713.210809120002_seg0_call_28.npy,Rupe A
5713.210809120002,5713.210809120002.Table.1.selections.txt,0,no-call,766.6574916789726,767.6574916789726,20,2000,8192,4096,2048,5713.210809120002_seg0_nocall_0.npy,no-call
5713.210809120002,5713.210809120002.Table.1.selections.txt,1,no-call,29.987299422311516,30.987299422311516,20,2000,8192,4096,2048,5713.210809120002_seg0_nocall_1.npy,no-call
5713.210809120002,5713.210809120002.Table.1.selections.txt,2,no-call,329.7535978591528,330.7535978591528,20,2000,8192,4096,2048,5713.210809120002_seg0_nocall_2.npy,no-call
5713.210811140002,5713.210811140002.Table.1.selections.txt,0,Rupe C,190.885233481,191.126846316,20,2000,8192,4096,2048,5713.210811140002_seg0_call_0.npy,Rupe C
5713.210811140002,5713.210811140002.Table.1.selections.txt,1,Rupe A,192.998987881,193.122275552,20,2000,8192,4096,2048,5713.210811140002_seg0_call_1.npy,Rupe A
5713.210811140002,5713.210811140002.Table.1.selections.txt,2,Rupe A,193.533234456,193.638257287,20,2000,8192,4096,2048,5713.210811140002_seg0_call_2.npy,Rupe A
5713.210811140002,5713.210811140002.Table.1.selections.txt,3,Rupe B,200.002505852,200.290177085,20,2000,8192,4096,2048,5713.210811140002_seg0_call_3.npy,Rupe B
5713.210811140002,5713.210811140002.Table.1.selections.txt,4,Rupe B,200.975108592,201.303875715,20,2000,8192,4096,2048,5713.210811140002_seg0_call_4.npy,Rupe B
5713.210811140002,5713.210811140002.Table.1.selections.txt,5,Rupe B,202.224127185,202.550451058,20,2000,8192,4096,2048,5713.210811140002_seg0_call_5.npy,Rupe B
5713.210811140002,5713.210811140002.Table.1.selections.txt,6,Rupe B,206.013428639,206.192432696,20,2000,8192,4096,2048,5713.210811140002_seg0_call_6.npy,Rupe B
5713.210811140002,5713.210811140002.Table.1.selections.txt,7,Rupe A,218.827081969,218.94123722,20,2000,8192,4096,2048,5713.210811140002_seg0_call_7.npy,Rupe A
5713.210811140002,5713.210811140002.Table.1.selections.txt,8,Rupe A,223.796224712,223.856926151,20,2000,8192,4096,2048,5713.210811140002_seg0_call_8.npy,Rupe A
5713.210811140002,5713.210811140002.Table.1.selections.txt,9,Rupe A,224.169426151,224.234702012,20,2000,8192,4096,2048,5713.210811140002_seg0_call_9.npy,Rupe A
5713.210811140002,5713.210811140002.Table.1.selections.txt,10,Rupe A,224.599998816,224.741551327,20,2000,8192,4096,2048,5713.210811140002_seg0_call_10.npy,Rupe A
5713.210811140002,5713.210811140002.Table.1.selections.txt,11,Rupe A,224.996858725,225.055311963,20,2000,8192,4096,2048,5713.210811140002_seg0_call_11.npy,Rupe A
5713.210811140002,5713.210811140002.Table.1.selections.txt,12,Rupe A,225.805478268,225.901368679,20,2000,8192,4096,2048,5713.210811140002_seg0_call_12.npy,Rupe A
5713.210811140002,5713.210811140002.Table.1.selections.txt,13,Rupe B,227.152504159,227.444741602,20,2000,8192,4096,2048,5713.210811140002_seg0_call_13.npy,Rupe B
5713.210811140002,5713.210811140002.Table.1.selections.txt,14,Rupe A,289.659163818,289.800716329,20,2000,8192,4096,2048,5713.210811140002_seg0_call_14.npy,Rupe A
5713.210811140002,5713.210811140002.Table.1.selections.txt,15,Rupe A,217.870220746,217.912936573,20,2000,8192,4096,2048,5713.210811140002_seg0_call_15.npy,Rupe A
5713.210811140002,5713.210811140002.Table.1.selections.txt,0,no-call,766.6609019552312,767.6609019552312,20,2000,8192,4096,2048,5713.210811140002_seg0_nocall_0.npy,no-call
5713.210811140002,5713.210811140002.Table.1.selections.txt,1,no-call,29.987432813006038,30.987432813006038,20,2000,8192,4096,2048,5713.210811140002_seg0_nocall_1.npy,no-call
5713.210811140002,5713.210811140002.Table.1.selections.txt,2,no-call,329.7550646821842,330.7550646821842,20,2000,8192,4096,2048,5713.210811140002_seg0_nocall_2.npy,no-call
5713.210811190002,5713.210811190002.Table.1.selections.txt,0,Rupe A,150.544518392,150.634924738,20,2000,8192,4096,2048,5713.210811190002_seg0_call_0.npy,Rupe A
5713.210811190002,5713.210811190002.Table.1.selections.txt,1,Rupe A,151.177362817,151.267769163,20,2000,8192,4096,2048,5713.210811190002_seg0_call_1.npy,Rupe A
5713.210811190002,5713.210811190002.Table.1.selections.txt,2,Rupe A,152.146002243,152.391390898,20,2000,8192,4096,2048,5713.210811190002_seg0_call_2.npy,Rupe A
5713.210811190002,5713.210811190002.Table.1.selections.txt,3,Rupe A,155.26502238,155.574986996,20,2000,8192,4096,2048,5713.210811190002_seg0_call_3.npy,Rupe A
5713.210811190002,5713.210811190002.Table.1.selections.txt,4,Rupe A,156.014103536,156.388644115,20,2000,8192,4096,2048,5713.210811190002_seg0_call_4.npy,Rupe A
5713.210811190002,5713.210811190002.Table.1.selections.txt,5,Rupe A,157.693078542,157.925552004,20,2000,8192,4096,2048,5713.210811190002_seg0_call_5.npy,Rupe A
5713.210811190002,5713.210811190002.Table.1.selections.txt,6,Rupe A,156.717982295,156.872964603,20,2000,8192,4096,2048,5713.210811190002_seg0_call_6.npy,Rupe A
5713.210811190002,5713.210811190002.Table.1.selections.txt,7,Rupe B,8.090463938,8.36443654,20,2000,8192,4096,2048,5713.210811190002_seg0_call_7.npy,Rupe B
5713.210811190002,5713.210811190002.Table.1.selections.txt,8,Rupe B,6.88399796,7.26854613,20,2000,8192,4096,2048,5713.210811190002_seg0_call_8.npy,Rupe B
5713.210811190002,5713.210811190002.Table.1.selections.txt,9,Rupe B,10.017404577,10.419231061,20,2000,8192,4096,2048,5713.210811190002_seg0_call_9.npy,Rupe B
5713.210811190002,5713.210811190002.Table.1.selections.txt,10,Rupe B,11.369002751,11.615578093,20,2000,8192,4096,2048,5713.210811190002_seg0_call_10.npy,Rupe B
5713.210811190002,5713.210811190002.Table.1.selections.txt,11,Rupe B,167.176924416,167.557922591,20,2000,8192,4096,2048,5713.210811190002_seg0_call_11.npy,Rupe B
5713.210811190002,5713.210811190002.Table.1.selections.txt,0,no-call,766.6580245346381,767.6580245346381,20,2000,8192,4096,2048,5713.210811190002_seg0_nocall_0.npy,no-call
5713.210811190002,5713.210811190002.Table.1.selections.txt,1,no-call,29.987320264607536,30.987320264607536,20,2000,8192,4096,2048,5713.210811190002_seg0_nocall_1.npy,no-call
5713.210811190002,5713.210811190002.Table.1.selections.txt,2,no-call,329.7538270502515,330.7538270502515,20,2000,8192,4096,2048,5713.210811190002_seg0_nocall_2.npy,no-call
5713.210814160002,5713.210814160002.Table.1.selections.txt,0,Rupe B,4.054793365,4.429222589,20,2000,8192,4096,2048,5713.210814160002_seg0_call_0.npy,Rupe B
5713.210814160002,5713.210814160002.Table.1.selections.txt,1,Rupe B,5.452053639,5.680364142,20,2000,8192,4096,2048,5713.210814160002_seg0_call_1.npy,Rupe B
5713.210814160002,5713.210814160002.Table.1.selections.txt,2,Rupe A,7.47031848,7.817350443,20,2000,8192,4096,2048,5713.210814160002_seg0_call_2.npy,Rupe A
5713.210814160002,5713.210814160002.Table.1.selections.txt,3,Rupe A,8.310501128,8.575341311,20,2000,8192,4096,2048,5713.210814160002_seg0_call_3.npy,Rupe A
5713.210814160002,5713.210814160002.Table.1.selections.txt,4,Rupe A,10.036528525,10.146117566,20,2000,8192,4096,2048,5713.210814160002_seg0_call_4.npy,Rupe A
5713.210814160002,5713.210814160002.Table.1.selections.txt,5,Rupe A,12.319628868,12.474880009,20,2000,8192,4096,2048,5713.210814160002_seg0_call_5.npy,Rupe A
5713.210814160002,5713.210814160002.Table.1.selections.txt,6,Rupe A,12.913236174,13.150679096,20,2000,8192,4096,2048,5713.210814160002_seg0_call_6.npy,Rupe A
5713.210814160002,5713.210814160002.Table.1.selections.txt,7,Rupe A,13.50684348,13.735153982,20,2000,8192,4096,2048,5713.210814160002_seg0_call_7.npy,Rupe A
5713.210814160002,5713.210814160002.Table.1.selections.txt,8,Rupe A,14.803647133,14.904103754,20,2000,8192,4096,2048,5713.210814160002_seg0_call_8.npy,Rupe A
5713.210814160002,5713.210814160002.Table.1.selections.txt,9,Rupe A,16.091318366,16.310496448,20,2000,8192,4096,2048,5713.210814160002_seg0_call_9.npy,Rupe A
5713.210814160002,5713.210814160002.Table.1.selections.txt,10,Rupe A,18.794514713,18.940633434,20,2000,8192,4096,2048,5713.210814160002_seg0_call_10.npy,Rupe A
5713.210814160002,5713.210814160002.Table.1.selections.txt,11,Rupe A,20.401815968,20.630126471,20,2000,8192,4096,2048,5713.210814160002_seg0_call_11.npy,Rupe A
5713.210814160002,5713.210814160002.Table.1.selections.txt,12,Rupe A,27.397246613,27.488570814,20,2000,8192,4096,2048,5713.210814160002_seg0_call_12.npy,Rupe A
5713.210814160002,5713.210814160002.Table.1.selections.txt,13,Rupe A,29.872132458,29.954324238,20,2000,8192,4096,2048,5713.210814160002_seg0_call_13.npy,Rupe A
5713.210814160002,5713.210814160002.Table.1.selections.txt,14,Rupe A,30.611858485,30.776242047,20,2000,8192,4096,2048,5713.210814160002_seg0_call_14.npy,Rupe A
5713.210814160002,5713.210814160002.Table.1.selections.txt,15,Rupe A,32.811607735,32.964485432,20,2000,8192,4096,2048,5713.210814160002_seg0_call_15.npy,Rupe A
5713.210814160002,5713.210814160002.Table.1.selections.txt,16,Rupe A,71.24510871,71.344727645,20,2000,8192,4096,2048,5713.210814160002_seg0_call_16.npy,Rupe A
5713.210814160002,5713.210814160002.Table.1.selections.txt,17,Rupe B,73.308197965,73.636965088,20,2000,8192,4096,2048,5713.210814160002_seg0_call_17.npy,Rupe B
5713.210814160002,5713.210814160002.Table.1.selections.txt,18,Rupe B,75.344727645,75.618700248,20,2000,8192,4096,2048,5713.210814160002_seg0_call_18.npy,Rupe B
5713.210814160002,5713.210814160002.Table.1.selections.txt,19,G rupe,297.206193523,298.024538847,20,2000,8192,4096,2048,5713.210814160002_seg0_call_19.npy,G rupe
5713.210814160002,5713.210814160002.Table.1.selections.txt,20,unidentified,503.524904391,503.776702952,20,2000,8192,4096,2048,5713.210814160002_seg0_call_20.npy,unidentified
5713.210814160002,5713.210814160002.Table.1.selections.txt,21,Rupe A,538.928379864,538.992306805,20,2000,8192,4096,2048,5713.210814160002_seg0_call_21.npy,Rupe A
5713.210814160002,5713.210814160002.Table.1.selections.txt,22,Rupe A,540.097329636,540.179521417,20,2000,8192,4096,2048,5713.210814160002_seg0_call_22.npy,Rupe A
5713.210814160002,5713.210814160002.Table.1.selections.txt,23,Rupe A,541.356900912,541.43333976,20,2000,8192,4096,2048,5713.210814160002_seg0_call_23.npy,Rupe A
5713.210814160002,5713.210814160002.Table.1.selections.txt,24,Rupe A,541.842512422,542.069932376,20,2000,8192,4096,2048,5713.210814160002_seg0_call_24.npy,Rupe A
5713.210814160002,5713.210814160002.Table.1.selections.txt,25,Rupe A,544.387476451,544.663539682,20,2000,8192,4096,2048,5713.210814160002_seg0_call_25.npy,Rupe A
5713.210814160002,5713.210814160002.Table.1.selections.txt,26,Rupe A,546.554951481,546.746732303,20,2000,8192,4096,2048,5713.210814160002_seg0_call_26.npy,Rupe A
5713.210814160002,5713.210814160002.Table.1.selections.txt,27,Rupe B,547.742166093,548.016138696,20,2000,8192,4096,2048,5713.210814160002_seg0_call_27.npy,Rupe B
5713.210814160002,5713.210814160002.Table.1.selections.txt,28,Rupe A,613.884755216,613.966946996,20,2000,8192,4096,2048,5713.210814160002_seg0_call_28.npy,Rupe A
5713.210814160002,5713.210814160002.Table.1.selections.txt,29,Rupe A,674.559949439,674.672359511,20,2000,8192,4096,2048,5713.210814160002_seg0_call_29.npy,Rupe A
5713.210814160002,5713.210814160002.Table.1.selections.txt,30,Rupe A,691.280236164,691.371560365,20,2000,8192,4096,2048,5713.210814160002_seg0_call_30.npy,Rupe A
5713.210814160002,5713.210814160002.Table.1.selections.txt,31,Rupe B,691.941901173,692.207188943,20,2000,8192,4096,2048,5713.210814160002_seg0_call_31.npy,Rupe B
5713.210814160002,5713.210814160002.Table.1.selections.txt,32,Rupe A,756.8058632,756.86065772,20,2000,8192,4096,2048,5713.210814160002_seg0_call_32.npy,Rupe A
5713.210814160002,5713.210814160002.Table.1.selections.txt,33,Rupe A,757.344675985,757.422301556,20,2000,8192,4096,2048,5713.210814160002_seg0_call_33.npy,Rupe A
5713.210814160002,5713.210814160002.Table.1.selections.txt,34,Rupe A,885.033946695,885.184631627,20,2000,8192,4096,2048,5713.210814160002_seg0_call_34.npy,Rupe A
5713.210814160002,5713.210814160002.Table.1.selections.txt,35,Rupe B,885.814768613,886.075042586,20,2000,8192,4096,2048,5713.210814160002_seg0_call_35.npy,Rupe B
5713.210814160002,5713.210814160002.Table.1.selections.txt,36,Rupe B,886.741709252,887.011115645,20,2000,8192,4096,2048,5713.210814160002_seg0_call_36.npy,Rupe B
5713.210814160002,5713.210814160002.Table.1.selections.txt,37,Rupe B,888.914500643,889.174774616,20,2000,8192,4096,2048,5713.210814160002_seg0_call_37.npy,Rupe B
5713.210814160002,5713.210814160002.Table.1.selections.txt,38,Rupe A,908.491038578,908.66912077,20,2000,8192,4096,2048,5713.210814160002_seg0_call_38.npy,Rupe A
5713.210814160002,5713.210814160002.Table.1.selections.txt,39,Rupe A,909.139440404,909.299257756,20,2000,8192,4096,2048,5713.210814160002_seg0_call_39.npy,Rupe A
5713.210814160002,5713.210814160002.Table.1.selections.txt,40,Rupe A,909.956792003,910.125741774,20,2000,8192,4096,2048,5713.210814160002_seg0_call_40.npy,Rupe A
5713.210814160002,5713.210814160002.Table.1.selections.txt,41,Rupe B,928.800726732,929.147758696,20,2000,8192,4096,2048,5713.210814160002_seg0_call_41.npy,Rupe B
5713.210814160002,5713.210814160002.Table.1.selections.txt,42,Rupe A,1045.17743887,1045.300726542,20,2000,8192,4096,2048,5713.210814160002_seg0_call_42.npy,Rupe A
5713.210814160002,5713.210814160002.Table.1.selections.txt,43,Rupe A,1151.58193178,1151.837639543,20,2000,8192,4096,2048,5713.210814160002_seg0_call_43.npy,Rupe A
5713.210814160002,5713.210814160002.Table.1.selections.txt,44,Rupe A,1179.857191665,1180.026141437,20,2000,8192,4096,2048,5713.210814160002_seg0_call_44.npy,Rupe A
5713.210814160002,5713.210814160002.Table.1.selections.txt,45,G rupe,298.330294242,298.447200717,20,2000,8192,4096,2048,5713.210814160002_seg0_call_45.npy,G rupe
5713.210814160002,5713.210814160002.Table.1.selections.txt,46,G rupe,298.937308631,299.13964676,20,2000,8192,4096,2048,5713.210814160002_seg0_call_46.npy,G rupe
5713.210814160002,5713.210814160002.Table.1.selections.txt,0,no-call,766.6789124767209,767.6789124767209,20,2000,8192,4096,2048,5713.210814160002_seg0_nocall_0.npy,no-call
5713.210814160002,5713.210814160002.Table.1.selections.txt,1,no-call,329.7628113413182,330.7628113413182,20,2000,8192,4096,2048,5713.210814160002_seg0_nocall_1.npy,no-call
5713.210814160002,5713.210814160002.Table.1.selections.txt,2,no-call,267.63183274424057,268.63183274424057,20,2000,8192,4096,2048,5713.210814160002_seg0_nocall_2.npy,no-call
5713.210823180002,5713.210823180002.Table.1.selections.txt,0,Rupe A,109.680389971,109.926965314,20,2000,8192,4096,2048,5713.210823180002_seg0_call_0.npy,Rupe A
5713.210823180002,5713.210823180002.Table.1.selections.txt,1,Rupe A,292.648495563,292.765402038,20,2000,8192,4096,2048,5713.210823180002_seg0_call_1.npy,Rupe A
5713.210823180002,5713.210823180002.Table.1.selections.txt,2,Rupe A,294.298675419,294.379610671,20,2000,8192,4096,2048,5713.210823180002_seg0_call_2.npy,Rupe A
5713.210823180002,5713.210823180002.Table.1.selections.txt,3,Rupe A,295.620051196,295.720228588,20,2000,8192,4096,2048,5713.210823180002_seg0_call_3.npy,Rupe A
5713.210823180002,5713.210823180002.Table.1.selections.txt,4,Rupe A,296.304982703,296.534077509,20,2000,8192,4096,2048,5713.210823180002_seg0_call_4.npy,Rupe A
5713.210823180002,5713.210823180002.Table.1.selections.txt,5,Rupe A,297.001703408,297.159077509,20,2000,8192,4096,2048,5713.210823180002_seg0_call_5.npy,Rupe A
5713.210823180002,5713.210823180002.Table.1.selections.txt,6,Rupe A,297.373475853,297.478322113,20,2000,8192,4096,2048,5713.210823180002_seg0_call_6.npy,Rupe A
5713.210823180002,5713.210823180002.Table.1.selections.txt,7,Rupe C,297.775302337,297.995403059,20,2000,8192,4096,2048,5713.210823180002_seg0_call_7.npy,Rupe C
5713.210823180002,5713.210823180002.Table.1.selections.txt,8,Rupe A,298.396306904,298.578955305,20,2000,8192,4096,2048,5713.210823180002_seg0_call_8.npy,Rupe A
5713.210823180002,5713.210823180002.Table.1.selections.txt,9,Rupe A,299.222921045,299.373468146,20,2000,8192,4096,2048,5713.210823180002_seg0_call_9.npy,Rupe A
5713.210823180002,5713.210823180002.Table.1.selections.txt,10,Rupe A,301.665705589,301.75702979,20,2000,8192,4096,2048,5713.210823180002_seg0_call_10.npy,Rupe A
5713.210823180002,5713.210823180002.Table.1.selections.txt,11,Rupe A,303.422555135,303.537851708,20,2000,8192,4096,2048,5713.210823180002_seg0_call_11.npy,Rupe A
5713.210823180002,5713.210823180002.Table.1.selections.txt,12,Rupe A,304.119497581,304.186249713,20,2000,8192,4096,2048,5713.210823180002_seg0_call_12.npy,Rupe A
5713.210823180002,5713.210823180002.Table.1.selections.txt,13,Rupe A,304.654569524,304.743327339,20,2000,8192,4096,2048,5713.210823180002_seg0_call_13.npy,Rupe A
5713.210823180002,5713.210823180002.Table.1.selections.txt,14,Rupe A,305.02327456,305.190815923,20,2000,8192,4096,2048,5713.210823180002_seg0_call_14.npy,Rupe A
5713.210823180002,5713.210823180002.Table.1.selections.txt,15,Rupe A,305.585325934,305.85960651,20,2000,8192,4096,2048,5713.210823180002_seg0_call_15.npy,Rupe A
5713.210823180002,5713.210823180002.Table.1.selections.txt,16,Rupe A,306.204514554,306.273275574,20,2000,8192,4096,2048,5713.210823180002_seg0_call_16.npy,Rupe A
5713.210823180002,5713.210823180002.Table.1.selections.txt,17,Rupe B,308.251693883,308.678852156,20,2000,8192,4096,2048,5713.210823180002_seg0_call_17.npy,Rupe B
5713.210823180002,5713.210823180002.Table.1.selections.txt,18,Rupe B,309.32633417,309.695039206,20,2000,8192,4096,2048,5713.210823180002_seg0_call_18.npy,Rupe B
5713.210823180002,5713.210823180002.Table.1.selections.txt,19,Rupe A,311.178852156,311.286765825,20,2000,8192,4096,2048,5713.210823180002_seg0_call_19.npy,Rupe A
5713.210823180002,5713.210823180002.Table.1.selections.txt,20,Rupe B,311.747890303,312.078132732,20,2000,8192,4096,2048,5713.210823180002_seg0_call_20.npy,Rupe B
5713.210823180002,5713.210823180002.Table.1.selections.txt,21,Rupe A,312.401873739,312.532269422,20,2000,8192,4096,2048,5713.210823180002_seg0_call_21.npy,Rupe A
5713.210823180002,5713.210823180002.Table.1.selections.txt,22,Rupe A,313.017296695,313.318666558,20,2000,8192,4096,2048,5713.210823180002_seg0_call_22.npy,Rupe A
5713.210823180002,5713.210823180002.Table.1.selections.txt,23,Rupe A,313.674830942,313.875744184,20,2000,8192,4096,2048,5713.210823180002_seg0_call_23.npy,Rupe A
5713.210823180002,5713.210823180002.Table.1.selections.txt,0,no-call,766.6573851078397,767.6573851078397,20,2000,8192,4096,2048,5713.210823180002_seg0_nocall_0.npy,no-call
5713.210823180002,5713.210823180002.Table.1.selections.txt,1,no-call,29.987295253852317,30.987295253852317,20,2000,8192,4096,2048,5713.210823180002_seg0_nocall_1.npy,no-call
5713.210823180002,5713.210823180002.Table.1.selections.txt,2,no-call,329.75355202093317,330.75355202093317,20,2000,8192,4096,2048,5713.210823180002_seg0_nocall_2.npy,no-call
5713.210825190002,5713.210825190002.Table.1.selections.txt,0,Rupe A,307.392161315,307.459607358,20,2000,8192,4096,2048,5713.210825190002_seg0_call_0.npy,Rupe A
5713.210825190002,5713.210825190002.Table.1.selections.txt,1,Rupe A,308.158799683,308.263822514,20,2000,8192,4096,2048,5713.210825190002_seg0_call_1.npy,Rupe A
5713.210825190002,5713.210825190002.Table.1.selections.txt,2,Rupe A,309.510397856,309.629119317,20,2000,8192,4096,2048,5713.210825190002_seg0_call_2.npy,Rupe A
5713.210825190002,5713.210825190002.Table.1.selections.txt,3,Rupe A,309.89852571,309.957886441,20,2000,8192,4096,2048,5713.210825190002_seg0_call_3.npy,Rupe A
5713.210825190002,5713.210825190002.Table.1.selections.txt,4,Rupe A,311.552885678,311.648776089,20,2000,8192,4096,2048,5713.210825190002_seg0_call_4.npy,Rupe A
5713.210825190002,5713.210825190002.Table.1.selections.txt,5,Rupe A,312.29717572,312.370235081,20,2000,8192,4096,2048,5713.210825190002_seg0_call_5.npy,Rupe A
5713.210825190002,5713.210825190002.Table.1.selections.txt,6,Rupe A,312.762929145,312.863385766,20,2000,8192,4096,2048,5713.210825190002_seg0_call_6.npy,Rupe A
5713.210825190002,5713.210825190002.Table.1.selections.txt,7,Rupe A,314.27434467,314.379367501,20,2000,8192,4096,2048,5713.210825190002_seg0_call_7.npy,Rupe A
5713.210825190002,5713.210825190002.Table.1.selections.txt,8,Rupe A,317.671595753,317.717257853,20,2000,8192,4096,2048,5713.210825190002_seg0_call_8.npy,Rupe A
5713.210825190002,5713.210825190002.Table.1.selections.txt,9,Rupe A,318.123650548,318.201276118,20,2000,8192,4096,2048,5713.210825190002_seg0_call_9.npy,Rupe A
5713.210825190002,5713.210825190002.Table.1.selections.txt,10,Rupe A,319.776261335,319.858810365,20,2000,8192,4096,2048,5713.210825190002_seg0_call_10.npy,Rupe A
5713.210825190002,5713.210825190002.Table.1.selections.txt,11,Rupe A,320.214974748,320.33369621,20,2000,8192,4096,2048,5713.210825190002_seg0_call_11.npy,Rupe A
5713.210825190002,5713.210825190002.Table.1.selections.txt,12,Rupe A,321.077985292,321.164743283,20,2000,8192,4096,2048,5713.210825190002_seg0_call_12.npy,Rupe A
5713.210825190002,5713.210825190002.Table.1.selections.txt,13,Rupe A,323.831403776,323.909029347,20,2000,8192,4096,2048,5713.210825190002_seg0_call_13.npy,Rupe A
5713.210825190002,5713.210825190002.Table.1.selections.txt,14,Rupe A,324.548298753,324.639622954,20,2000,8192,4096,2048,5713.210825190002_seg0_call_14.npy,Rupe A
5713.210825190002,5713.210825190002.Table.1.selections.txt,15,Rupe A,324.945559027,325.009485968,20,2000,8192,4096,2048,5713.210825190002_seg0_call_15.npy,Rupe A
5713.210825190002,5713.210825190002.Table.1.selections.txt,16,Rupe A,326.283458571,326.356517932,20,2000,8192,4096,2048,5713.210825190002_seg0_call_16.npy,Rupe A
5713.210825190002,5713.210825190002.Table.1.selections.txt,17,Rupe A,328.256055137,328.342813128,20,2000,8192,4096,2048,5713.210825190002_seg0_call_17.npy,Rupe A
5713.210825190002,5713.210825190002.Table.1.selections.txt,18,Type 4 A,329.54372637,329.769754935,20,2000,8192,4096,2048,5713.210825190002_seg0_call_18.npy,Type 4 A
5713.210825190002,5713.210825190002.Table.1.selections.txt,19,Rupe B,330.712676142,331.059708105,20,2000,8192,4096,2048,5713.210825190002_seg0_call_19.npy,Rupe B
5713.210825190002,5713.210825190002.Table.1.selections.txt,20,Rupe B,332.196690566,332.513889965,20,2000,8192,4096,2048,5713.210825190002_seg0_call_20.npy,Rupe B
5713.210825190002,5713.210825190002.Table.1.selections.txt,21,Rupe A,393.662690506,393.754014707,20,2000,8192,4096,2048,5713.210825190002_seg0_call_21.npy,Rupe A
5713.210825190002,5713.210825190002.Table.1.selections.txt,22,Rupe A,538.315565319,538.41145573,20,2000,8192,4096,2048,5713.210825190002_seg0_call_22.npy,Rupe A
5713.210825190002,5713.210825190002.Table.1.selections.txt,23,Rupe A,546.368893499,546.519578431,20,2000,8192,4096,2048,5713.210825190002_seg0_call_23.npy,Rupe A
5713.210825190002,5713.210825190002.Table.1.selections.txt,0,no-call,766.6805110437172,767.6805110437172,20,2000,8192,4096,2048,5713.210825190002_seg0_nocall_0.npy,no-call
5713.210825190002,5713.210825190002.Table.1.selections.txt,1,no-call,29.98819980949953,30.98819980949953,20,2000,8192,4096,2048,5713.210825190002_seg0_nocall_1.npy,no-call
5713.210825190002,5713.210825190002.Table.1.selections.txt,2,no-call,267.63239077108597,268.63239077108597,20,2000,8192,4096,2048,5713.210825190002_seg0_nocall_2.npy,no-call
5713.210827200002,5713.210827200002.Table.1.selections.txt,0,Rupe A,119.854123262,119.931259486,20,2000,8192,4096,2048,5713.210827200002_seg0_call_0.npy,Rupe A
5713.210827200002,5713.210827200002.Table.1.selections.txt,1,Rupe A,120.137228285,120.232518478,20,2000,8192,4096,2048,5713.210827200002_seg0_call_1.npy,Rupe A
5713.210827200002,5713.210827200002.Table.1.selections.txt,2,Rupe A,120.68517349,120.849557052,20,2000,8192,4096,2048,5713.210827200002_seg0_call_2.npy,Rupe A
5713.210827200002,5713.210827200002.Table.1.selections.txt,3,Rupe A,121.205721436,121.392590421,20,2000,8192,4096,2048,5713.210827200002_seg0_call_3.npy,Rupe A
5713.210827200002,5713.210827200002.Table.1.selections.txt,4,Rupe A,123.249604809,123.452296778,20,2000,8192,4096,2048,5713.210827200002_seg0_call_4.npy,Rupe A
5713.210827200002,5713.210827200002.Table.1.selections.txt,5,Rupe A,125.571013697,125.693463683,20,2000,8192,4096,2048,5713.210827200002_seg0_call_5.npy,Rupe A
5713.210827200002,5713.210827200002.Table.1.selections.txt,6,Rupe A,125.84634138,126.021701093,20,2000,8192,4096,2048,5713.210827200002_seg0_call_6.npy,Rupe A
5713.210827200002,5713.210827200002.Table.1.selections.txt,7,Rupe A,128.566446712,128.725218076,20,2000,8192,4096,2048,5713.210827200002_seg0_call_7.npy,Rupe A
5713.210827200002,5713.210827200002.Table.1.selections.txt,8,Rupe B,129.488821141,129.862808004,20,2000,8192,4096,2048,5713.210827200002_seg0_call_8.npy,Rupe B
5713.210827200002,5713.210827200002.Table.1.selections.txt,9,Rupe B,130.85651304,131.135290019,20,2000,8192,4096,2048,5713.210827200002_seg0_call_9.npy,Rupe B
5713.210827200002,5713.210827200002.Table.1.selections.txt,10,Rupe B,132.133491457,132.439246853,20,2000,8192,4096,2048,5713.210827200002_seg0_call_10.npy,Rupe B
5713.210827200002,5713.210827200002.Table.1.selections.txt,11,Rupe B,133.853111901,134.307248591,20,2000,8192,4096,2048,5713.210827200002_seg0_call_11.npy,Rupe B
5713.210827200002,5713.210827200002.Table.1.selections.txt,12,Rupe B,134.743399671,135.026673052,20,2000,8192,4096,2048,5713.210827200002_seg0_call_12.npy,Rupe B
5713.210827200002,5713.210827200002.Table.1.selections.txt,13,Rupe B,206.945243952,207.347070436,20,2000,8192,4096,2048,5713.210827200002_seg0_call_13.npy,Rupe B
5713.210827200002,5713.210827200002.Table.1.selections.txt,14,Rupe A,209.009170892,209.210084134,20,2000,8192,4096,2048,5713.210827200002_seg0_call_14.npy,Rupe A
5713.210827200002,5713.210827200002.Table.1.selections.txt,15,Trrot,412.333867106,412.572176459,20,2000,8192,4096,2048,5713.210827200002_seg0_call_15.npy,Trrot
5713.210827200002,5713.210827200002.Table.1.selections.txt,16,Unidentified,413.49618725,413.707518185,20,2000,8192,4096,2048,5713.210827200002_seg0_call_16.npy,Unidentified
5713.210827200002,5713.210827200002.Table.1.selections.txt,17,Trrot,419.439457716,419.682263471,20,2000,8192,4096,2048,5713.210827200002_seg0_call_17.npy,Trrot
5713.210827200002,5713.210827200002.Table.1.selections.txt,18,Trrot,425.149831284,425.267577426,20,2000,8192,4096,2048,5713.210827200002_seg0_call_18.npy,Trrot
5713.210827200002,5713.210827200002.Table.1.selections.txt,19,Trrot,434.097998,434.288522293,20,2000,8192,4096,2048,5713.210827200002_seg0_call_19.npy,Trrot
5713.210827200002,5713.210827200002.Table.1.selections.txt,20,Rupe A,486.578515874,486.806826377,20,2000,8192,4096,2048,5713.210827200002_seg0_call_20.npy,Rupe A
5713.210827200002,5713.210827200002.Table.1.selections.txt,21,Rupe B,547.4287583,547.647936383,20,2000,8192,4096,2048,5713.210827200002_seg0_call_21.npy,Rupe B
5713.210827200002,5713.210827200002.Table.1.selections.txt,22,Rupe B,552.658171405,552.822554967,20,2000,8192,4096,2048,5713.210827200002_seg0_call_22.npy,Rupe B
5713.210827200002,5713.210827200002.Table.1.selections.txt,23,Rupe B,553.973239898,554.292874601,20,2000,8192,4096,2048,5713.210827200002_seg0_call_23.npy,Rupe B
5713.210827200002,5713.210827200002.Table.1.selections.txt,24,Rupe A,556.064564099,556.18328556,20,2000,8192,4096,2048,5713.210827200002_seg0_call_24.npy,Rupe A
5713.210827200002,5713.210827200002.Table.1.selections.txt,25,Rupe A,677.887835547,677.997424588,20,2000,8192,4096,2048,5713.210827200002_seg0_call_25.npy,Rupe A
5713.210827200002,5713.210827200002.Table.1.selections.txt,26,Rupe A,679.916920498,680.061351528,20,2000,8192,4096,2048,5713.210827200002_seg0_call_26.npy,Rupe A
5713.210827200002,5713.210827200002.Table.1.selections.txt,27,Rupe A,680.490575273,680.737150615,20,2000,8192,4096,2048,5713.210827200002_seg0_call_27.npy,Rupe A
5713.210827200002,5713.210827200002.Table.1.selections.txt,28,Rupe A,853.639813469,853.762054033,20,2000,8192,4096,2048,5713.210827200002_seg0_call_28.npy,Rupe A
5713.210827200002,5713.210827200002.Table.1.selections.txt,29,Rupe A,854.629633941,854.84031608,20,2000,8192,4096,2048,5713.210827200002_seg0_call_29.npy,Rupe A
5713.210827200002,5713.210827200002.Table.1.selections.txt,30,Rupe A,855.420352051,855.523769318,20,2000,8192,4096,2048,5713.210827200002_seg0_call_30.npy,Rupe A
5713.210827200002,5713.210827200002.Table.1.selections.txt,31,Rupe B,855.753085864,856.145615676,20,2000,8192,4096,2048,5713.210827200002_seg0_call_31.npy,Rupe B
5713.210827200002,5713.210827200002.Table.1.selections.txt,32,Rupe B,856.65236644,857.236898814,20,2000,8192,4096,2048,5713.210827200002_seg0_call_32.npy,Rupe B
5713.210827200002,5713.210827200002.Table.1.selections.txt,33,Rupe B,858.537985342,858.884208364,20,2000,8192,4096,2048,5713.210827200002_seg0_call_33.npy,Rupe B
5713.210827200002,5713.210827200002.Table.1.selections.txt,34,Rupe B,859.572158004,859.81496376,20,2000,8192,4096,2048,5713.210827200002_seg0_call_34.npy,Rupe B
5713.210827200002,5713.210827200002.Table.1.selections.txt,35,??,885.752938324,885.944719146,20,2000,8192,4096,2048,5713.210827200002_seg0_call_35.npy,??
5713.210827200002,5713.210827200002.Table.1.selections.txt,36,?,1098.185852942,1099.126492211,20,2000,8192,4096,2048,5713.210827200002_seg0_call_36.npy,?
5713.210827200002,5713.210827200002.Table.1.selections.txt,37,?,1100.825122348,1101.692702257,20,2000,8192,4096,2048,5713.210827200002_seg0_call_37.npy,?
5713.210827200002,5713.210827200002.Table.1.selections.txt,38,??,1099.546583536,1099.665304997,20,2000,8192,4096,2048,5713.210827200002_seg0_call_38.npy,??
5713.210827200002,5713.210827200002.Table.1.selections.txt,0,no-call,766.6433177182735,767.6433177182735,20,2000,8192,4096,2048,5713.210827200002_seg0_nocall_0.npy,no-call
5713.210827200002,5713.210827200002.Table.1.selections.txt,1,no-call,29.986745017237414,30.986745017237414,20,2000,8192,4096,2048,5713.210827200002_seg0_nocall_1.npy,no-call
5713.210827200002,5713.210827200002.Table.1.selections.txt,2,no-call,329.747501375929,330.747501375929,20,2000,8192,4096,2048,5713.210827200002_seg0_nocall_2.npy,no-call
5713.210908180002,5713.210908180002.Table.1.selections.txt,0,Rupe A,77.203018,77.403931242,20,2000,8192,4096,2048,5713.210908180002_seg0_call_0.npy,Rupe A
5713.210908180002,5713.210908180002.Table.1.selections.txt,1,Rupe A,78.344570511,78.40059656,20,2000,8192,4096,2048,5713.210908180002_seg0_call_1.npy,Rupe A
5713.210908180002,5713.210908180002.Table.1.selections.txt,2,Rupe A,78.773794255,78.913186489,20,2000,8192,4096,2048,5713.210908180002_seg0_call_2.npy,Rupe A
5713.210908180002,5713.210908180002.Table.1.selections.txt,3,Rupe A,126.604869989,126.659664509,20,2000,8192,4096,2048,5713.210908180002_seg0_call_3.npy,Rupe A
5713.210908180002,5713.210908180002.Table.1.selections.txt,4,Rupe A,127.020395103,127.059427099,20,2000,8192,4096,2048,5713.210908180002_seg0_call_4.npy,Rupe A
5713.210908180002,5713.210908180002.Table.1.selections.txt,5,Rupe A,127.340029806,127.401153718,20,2000,8192,4096,2048,5713.210908180002_seg0_call_5.npy,Rupe A
5713.210908180002,5713.210908180002.Table.1.selections.txt,6,Rupe A,128.627702734,128.893965048,20,2000,8192,4096,2048,5713.210908180002_seg0_call_6.npy,Rupe A
5713.210908180002,5713.210908180002.Table.1.selections.txt,7,Rupe A,132.359533726,132.423646635,20,2000,8192,4096,2048,5713.210908180002_seg0_call_7.npy,Rupe A
5713.210908180002,5713.210908180002.Table.1.selections.txt,8,Rupe A,132.624373909,132.71569811,20,2000,8192,4096,2048,5713.210908180002_seg0_call_8.npy,Rupe A
5713.210908180002,5713.210908180002.Table.1.selections.txt,9,Rupe A,132.802456101,132.889214091,20,2000,8192,4096,2048,5713.210908180002_seg0_call_9.npy,Rupe A
5713.210908180002,5713.210908180002.Table.1.selections.txt,10,Rupe B,133.144921854,133.510218658,20,2000,8192,4096,2048,5713.210908180002_seg0_call_10.npy,Rupe B
5713.210908180002,5713.210908180002.Table.1.selections.txt,11,Rupe A,135.137452133,135.201379074,20,2000,8192,4096,2048,5713.210908180002_seg0_call_11.npy,Rupe A
5713.210908180002,5713.210908180002.Table.1.selections.txt,12,Rupe B,139.819471152,140.056914074,20,2000,8192,4096,2048,5713.210908180002_seg0_call_12.npy,Rupe B
5713.210908180002,5713.210908180002.Table.1.selections.txt,13,Rupe A,140.513535079,140.60029307,20,2000,8192,4096,2048,5713.210908180002_seg0_call_13.npy,Rupe A
5713.210908180002,5713.210908180002.Table.1.selections.txt,14,Rupe A,140.67335243,140.725065391,20,2000,8192,4096,2048,5713.210908180002_seg0_call_14.npy,Rupe A
5713.210908180002,5713.210908180002.Table.1.selections.txt,15,Rupe A,141.125407225,141.174705679,20,2000,8192,4096,2048,5713.210908180002_seg0_call_15.npy,Rupe A
5713.210908180002,5713.210908180002.Table.1.selections.txt,16,Rupe A,143.512710864,143.576637805,20,2000,8192,4096,2048,5713.210908180002_seg0_call_16.npy,Rupe A
5713.210908180002,5713.210908180002.Table.1.selections.txt,17,Rupe A,144.956187405,145.032842213,20,2000,8192,4096,2048,5713.210908180002_seg0_call_17.npy,Rupe A
5713.210908180002,5713.210908180002.Table.1.selections.txt,18,Rupe A,145.513741362,145.585683808,20,2000,8192,4096,2048,5713.210908180002_seg0_call_18.npy,Rupe A
5713.210908180002,5713.210908180002.Table.1.selections.txt,19,Rupe B,146.169827867,146.439234259,20,2000,8192,4096,2048,5713.210908180002_seg0_call_19.npy,Rupe B
5713.210908180002,5713.210908180002.Table.1.selections.txt,20,Rupe A,146.580786771,146.667544762,20,2000,8192,4096,2048,5713.210908180002_seg0_call_20.npy,Rupe A
5713.210908180002,5713.210908180002.Table.1.selections.txt,21,Rupe A,146.795398643,146.85366942,20,2000,8192,4096,2048,5713.210908180002_seg0_call_21.npy,Rupe A
5713.210908180002,5713.210908180002.Table.1.selections.txt,22,Rupe A,147.146996816,147.252019647,20,2000,8192,4096,2048,5713.210908180002_seg0_call_22.npy,Rupe A
5713.210908180002,5713.210908180002.Table.1.selections.txt,23,Rupe A,147.347910058,147.443800469,20,2000,8192,4096,2048,5713.210908180002_seg0_call_23.npy,Rupe A
5713.210908180002,5713.210908180002.Table.1.selections.txt,24,Rupe A,147.649279921,147.799964853,20,2000,8192,4096,2048,5713.210908180002_seg0_call_24.npy,Rupe A
5713.210908180002,5713.210908180002.Table.1.selections.txt,25,Rupe A,148.35531783,148.434668049,20,2000,8192,4096,2048,5713.210908180002_seg0_call_25.npy,Rupe A
5713.210908180002,5713.210908180002.Table.1.selections.txt,26,Rupe B,148.795398643,149.092202296,20,2000,8192,4096,2048,5713.210908180002_seg0_call_26.npy,Rupe B
5713.210908180002,5713.210908180002.Table.1.selections.txt,27,Rupe A,149.334211428,149.398138369,20,2000,8192,4096,2048,5713.210908180002_seg0_call_27.npy,Rupe A
5713.210908180002,5713.210908180002.Table.1.selections.txt,28,Rupe A,150.046540195,150.115033346,20,2000,8192,4096,2048,5713.210908180002_seg0_call_28.npy,Rupe A
5713.210908180002,5713.210908180002.Table.1.selections.txt,29,Rupe A,152.612748945,152.694940726,20,2000,8192,4096,2048,5713.210908180002_seg0_call_29.npy,Rupe A
5713.210908180002,5713.210908180002.Table.1.selections.txt,30,Rupe A,151.032840269,151.08763479,20,2000,8192,4096,2048,5713.210908180002_seg0_call_30.npy,Rupe A
5713.210908180002,5713.210908180002.Table.1.selections.txt,31,Rupe A,187.452116221,187.575403892,20,2000,8192,4096,2048,5713.210908180002_seg0_call_31.npy,Rupe A
5713.210908180002,5713.210908180002.Table.1.selections.txt,32,Rupe A,187.858508915,188.059422157,20,2000,8192,4096,2048,5713.210908180002_seg0_call_32.npy,Rupe A
5713.210908180002,5713.210908180002.Table.1.selections.txt,33,Rupe A,188.424718961,188.579407539,20,2000,8192,4096,2048,5713.210908180002_seg0_call_33.npy,Rupe A
5713.210908180002,5713.210908180002.Table.1.selections.txt,34,G rupe,192.407718179,193.179407677,20,2000,8192,4096,2048,5713.210908180002_seg0_call_34.npy,G rupe
5713.210908180002,5713.210908180002.Table.1.selections.txt,35,Rupe A,193.544704481,193.686256992,20,2000,8192,4096,2048,5713.210908180002_seg0_call_35.npy,Rupe A
5713.210908180002,5713.210908180002.Table.1.selections.txt,36,Guttural rupe,205.572107033,206.357495161,20,2000,8192,4096,2048,5713.210908180002_seg0_call_36.npy,Guttural rupe
5713.210908180002,5713.210908180002.Table.1.selections.txt,37,Rupe A,207.289003909,207.435124838,20,2000,8192,4096,2048,5713.210908180002_seg0_call_37.npy,Rupe A
5713.210908180002,5713.210908180002.Table.1.selections.txt,38,Rupe A,213.675463479,213.78048631,20,2000,8192,4096,2048,5713.210908180002_seg0_call_38.npy,Rupe A
5713.210908180002,5713.210908180002.Table.1.selections.txt,39,Rupe A,215.127518274,215.209710054,20,2000,8192,4096,2048,5713.210908180002_seg0_call_39.npy,Rupe A
5713.210908180002,5713.210908180002.Table.1.selections.txt,40,Rupe A,217.154915534,217.277435326,20,2000,8192,4096,2048,5713.210908180002_seg0_call_40.npy,Rupe A
5713.210908180002,5713.210908180002.Table.1.selections.txt,41,Guttural rupe,304.416862318,305.206816655,20,2000,8192,4096,2048,5713.210908180002_seg0_call_41.npy,Guttural rupe
5713.210908180002,5713.210908180002.Table.1.selections.txt,42,Rupe A,317.87556791,317.948627271,20,2000,8192,4096,2048,5713.210908180002_seg0_call_42.npy,Rupe A
5713.210908180002,5713.210908180002.Table.1.selections.txt,43,G rupe,318.341321335,319.113010832,20,2000,8192,4096,2048,5713.210908180002_seg0_call_43.npy,G rupe
5713.210908180002,5713.210908180002.Table.1.selections.txt,44,Rupe A,323.707864242,323.776357392,20,2000,8192,4096,2048,5713.210908180002_seg0_call_44.npy,Rupe A
5713.210908180002,5713.210908180002.Table.1.selections.txt,45,Rupe A,324.52064963,324.58914278,20,2000,8192,4096,2048,5713.210908180002_seg0_call_45.npy,Rupe A
5713.210908180002,5713.210908180002.Table.1.selections.txt,46,Rupe A,325.415626799,325.482218731,20,2000,8192,4096,2048,5713.210908180002_seg0_call_46.npy,Rupe A
5713.210908180002,5713.210908180002.Table.1.selections.txt,47,Rupe A,328.981789486,329.067221141,20,2000,8192,4096,2048,5713.210908180002_seg0_call_47.npy,Rupe A
5713.210908180002,5713.210908180002.Table.1.selections.txt,48,Rupe A,374.618658461,374.673452981,20,2000,8192,4096,2048,5713.210908180002_seg0_call_48.npy,Rupe A
5713.210908180002,5713.210908180002.Table.1.selections.txt,49,Rupe A,375.792174442,375.828704123,20,2000,8192,4096,2048,5713.210908180002_seg0_call_49.npy,Rupe A
5713.210908180002,5713.210908180002.Table.1.selections.txt,50,Rupe A,382.076490865,382.126719176,20,2000,8192,4096,2048,5713.210908180002_seg0_call_50.npy,Rupe A
5713.210908180002,5713.210908180002.Table.1.selections.txt,51,Rupe A,381.734025112,381.770554792,20,2000,8192,4096,2048,5713.210908180002_seg0_call_51.npy,Rupe A
5713.210908180002,5713.210908180002.Table.1.selections.txt,52,Rupe A,382.998865294,383.1627561,20,2000,8192,4096,2048,5713.210908180002_seg0_call_52.npy,Rupe A
5713.210908180002,5713.210908180002.Table.1.selections.txt,53,Rupe A,383.973156459,384.03251719,20,2000,8192,4096,2048,5713.210908180002_seg0_call_53.npy,Rupe A
5713.210908180002,5713.210908180002.Table.1.selections.txt,54,Rupe A,383.530234085,383.580462395,20,2000,8192,4096,2048,5713.210908180002_seg0_call_54.npy,Rupe A
5713.210908180002,5713.210908180002.Table.1.selections.txt,55,Rupe A,384.950325409,385.005119929,20,2000,8192,4096,2048,5713.210908180002_seg0_call_55.npy,Rupe A
5713.210908180002,5713.210908180002.Table.1.selections.txt,56,Rupe A,386.401972585,386.461333316,20,2000,8192,4096,2048,5713.210908180002_seg0_call_56.npy,Rupe A
5713.210908180002,5713.210908180002.Table.1.selections.txt,57,Rupe A,408.551014379,408.725556937,20,2000,8192,4096,2048,5713.210908180002_seg0_call_57.npy,Rupe A
5713.210908180002,5713.210908180002.Table.1.selections.txt,58,Rupe A,409.103525795,409.162274686,20,2000,8192,4096,2048,5713.210908180002_seg0_call_58.npy,Rupe A
5713.210908180002,5713.210908180002.Table.1.selections.txt,59,Rupe A,409.957407073,410.039598854,20,2000,8192,4096,2048,5713.210908180002_seg0_call_59.npy,Rupe A
5713.210908180002,5713.210908180002.Table.1.selections.txt,60,Rupe A,408.226813466,408.254210726,20,2000,8192,4096,2048,5713.210908180002_seg0_call_60.npy,Rupe A
5713.210908180002,5713.210908180002.Table.1.selections.txt,61,Rupe A,413.264553338,413.351311329,20,2000,8192,4096,2048,5713.210908180002_seg0_call_61.npy,Rupe A
5713.210908180002,5713.210908180002.Table.1.selections.txt,62,Rupe A,413.638982562,413.734872973,20,2000,8192,4096,2048,5713.210908180002_seg0_call_62.npy,Rupe A
5713.210908180002,5713.210908180002.Table.1.selections.txt,63,Rupe A,435.135056319,435.15788737,20,2000,8192,4096,2048,5713.210908180002_seg0_call_63.npy,Rupe A
5713.210908180002,5713.210908180002.Table.1.selections.txt,64,Rupe A,440.186566644,440.277890845,20,2000,8192,4096,2048,5713.210908180002_seg0_call_64.npy,Rupe A
5713.210908180002,5713.210908180002.Table.1.selections.txt,65,Rupe A,441.866931941,442.003918243,20,2000,8192,4096,2048,5713.210908180002_seg0_call_65.npy,Rupe A
5713.210908180002,5713.210908180002.Table.1.selections.txt,66,Rupe A,442.74296673,442.936312054,20,2000,8192,4096,2048,5713.210908180002_seg0_call_66.npy,Rupe A
5713.210908180002,5713.210908180002.Table.1.selections.txt,67,Rupe A,446.023393275,446.182233326,20,2000,8192,4096,2048,5713.210908180002_seg0_call_67.npy,Rupe A
5713.210908180002,5713.210908180002.Table.1.selections.txt,68,Rupe A,446.945767704,447.055356745,20,2000,8192,4096,2048,5713.210908180002_seg0_call_68.npy,Rupe A
5713.210908180002,5713.210908180002.Table.1.selections.txt,69,Rupe A,450.582160533,450.641521264,20,2000,8192,4096,2048,5713.210908180002_seg0_call_69.npy,Rupe A
5713.210908180002,5713.210908180002.Table.1.selections.txt,70,Rupe A,452.26252583,452.30362172,20,2000,8192,4096,2048,5713.210908180002_seg0_call_70.npy,Rupe A
5713.210908180002,5713.210908180002.Table.1.selections.txt,71,Rupe A,468.754405085,468.832030655,20,2000,8192,4096,2048,5713.210908180002_seg0_call_71.npy,Rupe A
5713.210908180002,5713.210908180002.Table.1.selections.txt,72,Rupe A,468.384542071,468.457601432,20,2000,8192,4096,2048,5713.210908180002_seg0_call_72.npy,Rupe A
5713.210908180002,5713.210908180002.Table.1.selections.txt,73,Rupe A,496.397880355,496.658622446,20,2000,8192,4096,2048,5713.210908180002_seg0_call_73.npy,Rupe A
5713.210908180002,5713.210908180002.Table.1.selections.txt,74,Rupe A,497.703816428,497.763177159,20,2000,8192,4096,2048,5713.210908180002_seg0_call_74.npy,Rupe A
5713.210908180002,5713.210908180002.Table.1.selections.txt,75,Rupe A,498.133040172,498.178702273,20,2000,8192,4096,2048,5713.210908180002_seg0_call_75.npy,Rupe A
5713.210908180002,5713.210908180002.Table.1.selections.txt,76,Rupe A,499.009752501,499.091944282,20,2000,8192,4096,2048,5713.210908180002_seg0_call_76.npy,Rupe A
5713.210908180002,5713.210908180002.Table.1.selections.txt,77,Rupe A,499.457241086,499.512035606,20,2000,8192,4096,2048,5713.210908180002_seg0_call_77.npy,Rupe A
5713.210908180002,5713.210908180002.Table.1.selections.txt,78,Rupe A,500.739494183,500.785156284,20,2000,8192,4096,2048,5713.210908180002_seg0_call_78.npy,Rupe A
5713.210908180002,5713.210908180002.Table.1.selections.txt,79,Rupe A,509.155821568,509.256278189,20,2000,8192,4096,2048,5713.210908180002_seg0_call_79.npy,Rupe A
5713.210908180002,5713.210908180002.Table.1.selections.txt,80,Rupe A,510.585045313,510.667380814,20,2000,8192,4096,2048,5713.210908180002_seg0_call_80.npy,Rupe A
5713.210908180002,5713.210908180002.Table.1.selections.txt,81,Rupe A,514.106875575,514.234729456,20,2000,8192,4096,2048,5713.210908180002_seg0_call_81.npy,Rupe A
5713.210908180002,5713.210908180002.Table.1.selections.txt,82,Rupe A,514.55436416,514.695916671,20,2000,8192,4096,2048,5713.210908180002_seg0_call_82.npy,Rupe A
5713.210908180002,5713.210908180002.Table.1.selections.txt,83,Rupe A,555.494593731,555.695506973,20,2000,8192,4096,2048,5713.210908180002_seg0_call_83.npy,Rupe A
5713.210908180002,5713.210908180002.Table.1.selections.txt,84,Rupe A,553.526557202,553.585917932,20,2000,8192,4096,2048,5713.210908180002_seg0_call_84.npy,Rupe A
5713.210908180002,5713.210908180002.Table.1.selections.txt,85,Rupe A,557.149215489,557.23597348,20,2000,8192,4096,2048,5713.210908180002_seg0_call_85.npy,Rupe A
5713.210908180002,5713.210908180002.Table.1.selections.txt,86,Rupe A,615.68641897,615.878199792,20,2000,8192,4096,2048,5713.210908180002_seg0_call_86.npy,Rupe A
5713.210908180002,5713.210908180002.Table.1.selections.txt,87,Rupe A,692.188254386,692.297843427,20,2000,8192,4096,2048,5713.210908180002_seg0_call_87.npy,Rupe A
5713.210908180002,5713.210908180002.Table.1.selections.txt,88,Rupe A,692.622044341,692.786427902,20,2000,8192,4096,2048,5713.210908180002_seg0_call_88.npy,Rupe A
5713.210908180002,5713.210908180002.Table.1.selections.txt,89,Rupe A,696.602964264,696.644060154,20,2000,8192,4096,2048,5713.210908180002_seg0_call_89.npy,Rupe A
5713.210908180002,5713.210908180002.Table.1.selections.txt,90,Rupe A,697.552735953,697.589265633,20,2000,8192,4096,2048,5713.210908180002_seg0_call_90.npy,Rupe A
5713.210908180002,5713.210908180002.Table.1.selections.txt,91,Rupe A,717.087844261,717.297889923,20,2000,8192,4096,2048,5713.210908180002_seg0_call_91.npy,Rupe A
5713.210908180002,5713.210908180002.Table.1.selections.txt,92,Rupe A,723.303702236,723.349364337,20,2000,8192,4096,2048,5713.210908180002_seg0_call_92.npy,Rupe A
5713.210908180002,5713.210908180002.Table.1.selections.txt,93,Rupe A,723.837948812,723.892743332,20,2000,8192,4096,2048,5713.210908180002_seg0_call_93.npy,Rupe A
5713.210908180002,5713.210908180002.Table.1.selections.txt,94,Rupe A,771.516273937,771.689789919,20,2000,8192,4096,2048,5713.210908180002_seg0_call_94.npy,Rupe A
5713.210908180002,5713.210908180002.Table.1.selections.txt,95,Rupe A,791.325354848,791.371016948,20,2000,8192,4096,2048,5713.210908180002_seg0_call_95.npy,Rupe A
5713.210908180002,5713.210908180002.Table.1.selections.txt,96,Rupe A,793.498872987,793.539968877,20,2000,8192,4096,2048,5713.210908180002_seg0_call_96.npy,Rupe A
5713.210908180002,5713.210908180002.Table.1.selections.txt,97,Rupe A,793.834908268,793.888865103,20,2000,8192,4096,2048,5713.210908180002_seg0_call_97.npy,Rupe A
5713.210908180002,5713.210908180002.Table.1.selections.txt,98,Rupe A,794.7774118,794.85960358,20,2000,8192,4096,2048,5713.210908180002_seg0_call_98.npy,Rupe A
5713.210908180002,5713.210908180002.Table.1.selections.txt,99,Rupe A,795.466909516,795.530836457,20,2000,8192,4096,2048,5713.210908180002_seg0_call_99.npy,Rupe A
5713.210908180002,5713.210908180002.Table.1.selections.txt,100,Rupe A,796.906437804,796.947533694,20,2000,8192,4096,2048,5713.210908180002_seg0_call_100.npy,Rupe A
5713.210908180002,5713.210908180002.Table.1.selections.txt,101,Rupe A,799.440684379,799.51374374,20,2000,8192,4096,2048,5713.210908180002_seg0_call_101.npy,Rupe A
5713.210908180002,5713.210908180002.Table.1.selections.txt,102,Rupe A,800.50917753,800.609634151,20,2000,8192,4096,2048,5713.210908180002_seg0_call_102.npy,Rupe A
5713.210908180002,5713.210908180002.Table.1.selections.txt,103,Rupe A,807.208238533,807.335706422,20,2000,8192,4096,2048,5713.210908180002_seg0_call_103.npy,Rupe A
5713.210908180002,5713.210908180002.Table.1.selections.txt,104,Rupe A,807.984494241,808.107781912,20,2000,8192,4096,2048,5713.210908180002_seg0_call_104.npy,Rupe A
5713.210908180002,5713.210908180002.Table.1.selections.txt,105,Rupe A,867.738370933,867.838827554,20,2000,8192,4096,2048,5713.210908180002_seg0_call_105.npy,Rupe A
5713.210908180002,5713.210908180002.Table.1.selections.txt,106,Rupe A,868.537457691,868.660745363,20,2000,8192,4096,2048,5713.210908180002_seg0_call_106.npy,Rupe A
5713.210908180002,5713.210908180002.Table.1.selections.txt,107,Rupe A,869.135631207,869.290882349,20,2000,8192,4096,2048,5713.210908180002_seg0_call_107.npy,Rupe A
5713.210908180002,5713.210908180002.Table.1.selections.txt,108,Guttural rupe,871.656181914,872.199560909,20,2000,8192,4096,2048,5713.210908180002_seg0_call_108.npy,Guttural rupe
5713.210908180002,5713.210908180002.Table.1.selections.txt,109,Guttural rupe,889.330335102,890.15225291,20,2000,8192,4096,2048,5713.210908180002_seg0_call_109.npy,Guttural rupe
5713.210908180002,5713.210908180002.Table.1.selections.txt,110,Rupe A,892.354855785,892.423348936,20,2000,8192,4096,2048,5713.210908180002_seg0_call_110.npy,Rupe A
5713.210908180002,5713.210908180002.Table.1.selections.txt,111,Guttural rupe,904.825162756,905.500961843,20,2000,8192,4096,2048,5713.210908180002_seg0_call_111.npy,Guttural rupe
5713.210908180002,5713.210908180002.Table.1.selections.txt,112,Rupe A,913.925313224,914.100672937,20,2000,8192,4096,2048,5713.210908180002_seg0_call_112.npy,Rupe A
5713.210908180002,5713.210908180002.Table.1.selections.txt,113,Rupe A,927.980832101,928.026494201,20,2000,8192,4096,2048,5713.210908180002_seg0_call_113.npy,Rupe A
5713.210908180002,5713.210908180002.Table.1.selections.txt,114,Rupe A,930.926041291,930.972461004,20,2000,8192,4096,2048,5713.210908180002_seg0_call_114.npy,Rupe A
5713.210908180002,5713.210908180002.Table.1.selections.txt,115,Rupe A,932.177182843,932.231767942,20,2000,8192,4096,2048,5713.210908180002_seg0_call_115.npy,Rupe A
5713.210908180002,5713.210908180002.Table.1.selections.txt,116,Rupe A,936.134380946,936.207440306,20,2000,8192,4096,2048,5713.210908180002_seg0_call_116.npy,Rupe A
5713.210908180002,5713.210908180002.Table.1.selections.txt,117,Rupe A,936.402477427,936.51794259,20,2000,8192,4096,2048,5713.210908180002_seg0_call_117.npy,Rupe A
5713.210908180002,5713.210908180002.Table.1.selections.txt,118,Rupe A,937.915202863,937.956298754,20,2000,8192,4096,2048,5713.210908180002_seg0_call_118.npy,Rupe A
5713.210908180002,5713.210908180002.Table.1.selections.txt,119,Rupe A,1053.065102232,1053.311677574,20,2000,8192,4096,2048,5713.210908180002_seg0_call_119.npy,Rupe A
5713.210908180002,5713.210908180002.Table.1.selections.txt,120,Rupe A,1062.357770541,1062.513021682,20,2000,8192,4096,2048,5713.210908180002_seg0_call_120.npy,Rupe A
5713.210908180002,5713.210908180002.Table.1.selections.txt,121,Rupe A,1064.124893829,1064.430829902,20,2000,8192,4096,2048,5713.210908180002_seg0_call_121.npy,Rupe A
5713.210908180002,5713.210908180002.Table.1.selections.txt,122,Guttural rupe,1133.598157705,1134.392678253,20,2000,8192,4096,2048,5713.210908180002_seg0_call_122.npy,Guttural rupe
5713.210908180002,5713.210908180002.Table.1.selections.txt,123,Guttural rupe,1156.237917136,1156.973076954,20,2000,8192,4096,2048,5713.210908180002_seg0_call_123.npy,Guttural rupe
5713.210908180002,5713.210908180002.Table.1.selections.txt,124,Rupe A,1189.129105342,1189.343717214,20,2000,8192,4096,2048,5713.210908180002_seg0_call_124.npy,Rupe A
5713.210908180002,5713.210908180002.Table.1.selections.txt,125,Type 4 A,1190.558354405,1190.731845068,20,2000,8192,4096,2048,5713.210908180002_seg0_call_125.npy,Type 4 A
5713.210908180002,5713.210908180002.Table.1.selections.txt,126,Rupe A,554.650805748,554.709258985,20,2000,8192,4096,2048,5713.210908180002_seg0_call_126.npy,Rupe A
5713.210908180002,5713.210908180002.Table.1.selections.txt,0,no-call,766.663459662425,767.663459662425,20,2000,8192,4096,2048,5713.210908180002_seg0_nocall_0.npy,no-call
5713.210908180002,5713.210908180002.Table.1.selections.txt,1,no-call,29.987532856026927,30.987532856026927,20,2000,8192,4096,2048,5713.210908180002_seg0_nocall_1.npy,no-call
5713.210908180002,5713.210908180002.Table.1.selections.txt,2,no-call,329.7561647994576,330.7561647994576,20,2000,8192,4096,2048,5713.210908180002_seg0_nocall_2.npy,no-call
5711.211013040024,5711.211013040024.Table.1.selections.txt,0,G rupe,4.136987257,4.657535203,20,2000,8192,4096,2048,5711.211013040024_seg0_call_0.npy,G rupe
5711.211013040024,5711.211013040024.Table.1.selections.txt,1,G rupe,3.789955294,4.264841139,20,2000,8192,4096,2048,5711.211013040024_seg0_call_1.npy,G rupe
5711.211013040024,5711.211013040024.Table.1.selections.txt,2,G rupe,14.840187898,15.406397943,20,2000,8192,4096,2048,5711.211013040024_seg0_call_2.npy,G rupe
5711.211013040024,5711.211013040024.Table.1.selections.txt,3,G rupe,24.54380242,25.082615206,20,2000,8192,4096,2048,5711.211013040024_seg0_call_3.npy,G rupe
5711.211013040024,5711.211013040024.Table.1.selections.txt,4,G rupe,35.989219612,36.573694498,20,2000,8192,4096,2048,5711.211013040024_seg0_call_4.npy,G rupe
5711.211013040024,5711.211013040024.Table.1.selections.txt,5,G rupe,50.758011865,51.342486751,20,2000,8192,4096,2048,5711.211013040024_seg0_call_5.npy,G rupe
5711.211013040024,5711.211013040024.Table.1.selections.txt,6,G rupe,104.175213804,104.73229143,20,2000,8192,4096,2048,5711.211013040024_seg0_call_6.npy,G rupe
5711.211013040024,5711.211013040024.Table.1.selections.txt,7,G rupe,110.050689608,110.626032074,20,2000,8192,4096,2048,5711.211013040024_seg0_call_7.npy,G rupe
5711.211013040024,5711.211013040024.Table.1.selections.txt,8,G rupe,135.995903333,136.72649694,20,2000,8192,4096,2048,5711.211013040024_seg0_call_8.npy,G rupe
5711.211013040024,5711.211013040024.Table.1.selections.txt,9,G rupe,139.750983818,140.572901626,20,2000,8192,4096,2048,5711.211013040024_seg0_call_9.npy,G rupe
5711.211013040024,5711.211013040024.Table.1.selections.txt,10,G rupe,158.22920347,158.758883835,20,2000,8192,4096,2048,5711.211013040024_seg0_call_10.npy,G rupe
5711.211013040024,5711.211013040024.Table.1.selections.txt,11,G rupe,171.921200512,172.569602339,20,2000,8192,4096,2048,5711.211013040024_seg0_call_11.npy,G rupe
5711.211013040024,5711.211013040024.Table.1.selections.txt,12,G rupe,169.510241608,170.076451654,20,2000,8192,4096,2048,5711.211013040024_seg0_call_12.npy,G rupe
5711.211013040024,5711.211013040024.Table.1.selections.txt,13,G rupe,177.878850066,178.426795272,20,2000,8192,4096,2048,5711.211013040024_seg0_call_13.npy,G rupe
5711.211013040024,5711.211013040024.Table.1.selections.txt,14,G rupe,195.023745401,195.553425766,20,2000,8192,4096,2048,5711.211013040024_seg0_call_14.npy,G rupe
5711.211013040024,5711.211013040024.Table.1.selections.txt,15,G rupe,200.758905218,201.306850423,20,2000,8192,4096,2048,5711.211013040024_seg0_call_15.npy,G rupe
5711.211013040024,5711.211013040024.Table.1.selections.txt,16,G rupe,219.398182869,220.019187436,20,2000,8192,4096,2048,5711.211013040024_seg0_call_16.npy,G rupe
5711.211013040024,5711.211013040024.Table.1.selections.txt,17,G rupe,226.777178303,227.370785609,20,2000,8192,4096,2048,5711.211013040024_seg0_call_17.npy,G rupe
5711.211013040024,5711.211013040024.Table.1.selections.txt,18,G rupe,244.448401395,244.914154819,20,2000,8192,4096,2048,5711.211013040024_seg0_call_18.npy,G rupe
5711.211013040024,5711.211013040024.Table.1.selections.txt,19,G rupe,247.261186783,247.918721029,20,2000,8192,4096,2048,5711.211013040024_seg0_call_19.npy,G rupe
5711.211013040024,5711.211013040024.Table.1.selections.txt,20,G rupe,262.828659629,263.349207574,20,2000,8192,4096,2048,5711.211013040024_seg0_call_20.npy,G rupe
5711.211013040024,5711.211013040024.Table.1.selections.txt,21,G rupe,264.445097985,264.98391077,20,2000,8192,4096,2048,5711.211013040024_seg0_call_21.npy,G rupe
5711.211013040024,5711.211013040024.Table.1.selections.txt,22,G rupe,269.284450273,269.905454839,20,2000,8192,4096,2048,5711.211013040024_seg0_call_22.npy,G rupe
5711.211013040024,5711.211013040024.Table.1.selections.txt,23,G rupe,271.220523333,271.604084976,20,2000,8192,4096,2048,5711.211013040024_seg0_call_23.npy,G rupe
5711.211013040024,5711.211013040024.Table.1.selections.txt,24,G rupe,272.215957123,272.791299588,20,2000,8192,4096,2048,5711.211013040024_seg0_call_24.npy,G rupe
5711.211013040024,5711.211013040024.Table.1.selections.txt,25,G rupe,284.555525631,285.103470836,20,2000,8192,4096,2048,5711.211013040024_seg0_call_25.npy,G rupe
5711.211013040024,5711.211013040024.Table.1.selections.txt,26,G rupe,294.368730322,294.953205207,20,2000,8192,4096,2048,5711.211013040024_seg0_call_26.npy,G rupe
5711.211013040024,5711.211013040024.Table.1.selections.txt,27,G rupe,297.400693792,297.966903838,20,2000,8192,4096,2048,5711.211013040024_seg0_call_27.npy,G rupe
5711.211013040024,5711.211013040024.Table.1.selections.txt,28,G rupe,306.544727598,307.120070064,20,2000,8192,4096,2048,5711.211013040024_seg0_call_28.npy,G rupe
5711.211013040024,5711.211013040024.Table.1.selections.txt,29,G rupe,322.397791654,323.448019965,20,2000,8192,4096,2048,5711.211013040024_seg0_call_29.npy,G rupe
5711.211013040024,5711.211013040024.Table.1.selections.txt,30,G rupe,326.315599874,326.93660444,20,2000,8192,4096,2048,5711.211013040024_seg0_call_30.npy,G rupe
5711.211013040024,5711.211013040024.Table.1.selections.txt,31,G rupe,344.875207992,345.441418038,20,2000,8192,4096,2048,5711.211013040024_seg0_call_31.npy,G rupe
5711.211013040024,5711.211013040024.Table.1.selections.txt,32,G rupe,345.532742239,346.089819864,20,2000,8192,4096,2048,5711.211013040024_seg0_call_32.npy,G rupe
5711.211013040024,5711.211013040024.Table.1.selections.txt,33,G rupe,348.838678312,349.505344978,20,2000,8192,4096,2048,5711.211013040024_seg0_call_33.npy,G rupe
5711.211013040024,5711.211013040024.Table.1.selections.txt,34,G rupe,379.932898217,380.572167624,20,2000,8192,4096,2048,5711.211013040024_seg0_call_34.npy,G rupe
5711.211013040024,5711.211013040024.Table.1.selections.txt,35,G rupe,384.499108263,385.21143703,20,2000,8192,4096,2048,5711.211013040024_seg0_call_35.npy,G rupe
5711.211013040024,5711.211013040024.Table.1.selections.txt,36,G rupe,396.183628712,396.98728168,20,2000,8192,4096,2048,5711.211013040024_seg0_call_36.npy,G rupe
5711.211013040024,5711.211013040024.Table.1.selections.txt,37,G rupe,415.69378479,416.305656936,20,2000,8192,4096,2048,5711.211013040024_seg0_call_37.npy,G rupe
5711.211013040024,5711.211013040024.Table.1.selections.txt,38,G rupe,427.100208652,427.575094496,20,2000,8192,4096,2048,5711.211013040024_seg0_call_38.npy,G rupe
5711.211013040024,5711.211013040024.Table.1.selections.txt,39,G rupe,430.616190387,431.374181254,20,2000,8192,4096,2048,5711.211013040024_seg0_call_39.npy,G rupe
5711.211013040024,5711.211013040024.Table.1.selections.txt,40,G rupe,435.180739712,435.774347018,20,2000,8192,4096,2048,5711.211013040024_seg0_call_40.npy,G rupe
5711.211013040024,5711.211013040024.Table.1.selections.txt,41,G rupe,450.027581731,450.612056617,20,2000,8192,4096,2048,5711.211013040024_seg0_call_41.npy,G rupe
5711.211013040024,5711.211013040024.Table.1.selections.txt,42,G rupe,452.685115978,453.233061183,20,2000,8192,4096,2048,5711.211013040024_seg0_call_42.npy,G rupe
5711.211013040024,5711.211013040024.Table.1.selections.txt,43,G rupe,468.377920457,468.998925023,20,2000,8192,4096,2048,5711.211013040024_seg0_call_43.npy,G rupe
5711.211013040024,5711.211013040024.Table.1.selections.txt,44,G rupe,473.610797169,474.204404475,20,2000,8192,4096,2048,5711.211013040024_seg0_call_44.npy,G rupe
5711.211013040024,5711.211013040024.Table.1.selections.txt,45,G rupe,495.770234631,496.409504038,20,2000,8192,4096,2048,5711.211013040024_seg0_call_45.npy,G rupe
5711.211013040024,5711.211013040024.Table.1.selections.txt,46,G rupe,502.782271521,503.795970151,20,2000,8192,4096,2048,5711.211013040024_seg0_call_46.npy,G rupe
5711.211013040024,5711.211013040024.Table.1.selections.txt,47,G rupe,506.60875554,507.147568325,20,2000,8192,4096,2048,5711.211013040024_seg0_call_47.npy,G rupe
5711.211013040024,5711.211013040024.Table.1.selections.txt,48,G rupe,530.441895055,531.181621083,20,2000,8192,4096,2048,5711.211013040024_seg0_call_48.npy,G rupe
5711.211013040024,5711.211013040024.Table.1.selections.txt,49,G rupe,531.528653046,532.085730672,20,2000,8192,4096,2048,5711.211013040024_seg0_call_49.npy,G rupe
5711.211013040024,5711.211013040024.Table.1.selections.txt,50,G rupe,536.213584553,536.478424736,20,2000,8192,4096,2048,5711.211013040024_seg0_call_50.npy,G rupe
5711.211013040024,5711.211013040024.Table.1.selections.txt,51,G rupe,554.597136412,555.44645148,20,2000,8192,4096,2048,5711.211013040024_seg0_call_51.npy,G rupe
5711.211013040024,5711.211013040024.Table.1.selections.txt,52,G rupe,589.876508937,590.479248663,20,2000,8192,4096,2048,5711.211013040024_seg0_call_52.npy,G rupe
5711.211013040024,5711.211013040024.Table.1.selections.txt,53,G rupe,605.858239204,606.42444925,20,2000,8192,4096,2048,5711.211013040024_seg0_call_53.npy,G rupe
5711.211013040024,5711.211013040024.Table.1.selections.txt,54,G rupe,602.634494912,603.209837378,20,2000,8192,4096,2048,5711.211013040024_seg0_call_54.npy,G rupe
5711.211013040024,5711.211013040024.Table.1.selections.txt,55,G rupe,601.209837378,601.858239204,20,2000,8192,4096,2048,5711.211013040024_seg0_call_55.npy,G rupe
5711.211013040024,5711.211013040024.Table.1.selections.txt,56,G rupe,616.487595029,617.117732015,20,2000,8192,4096,2048,5711.211013040024_seg0_call_56.npy,G rupe
5711.211013040024,5711.211013040024.Table.1.selections.txt,57,G rupe,617.528690919,618.314079047,20,2000,8192,4096,2048,5711.211013040024_seg0_call_57.npy,G rupe
5711.211013040024,5711.211013040024.Table.1.selections.txt,58,G rupe,624.177092745,624.743302791,20,2000,8192,4096,2048,5711.211013040024_seg0_call_58.npy,G rupe
5711.211013040024,5711.211013040024.Table.1.selections.txt,59,G rupe,678.529108681,679.341894069,20,2000,8192,4096,2048,5711.211013040024_seg0_call_59.npy,G rupe
5711.211013040024,5711.211013040024.Table.1.selections.txt,60,G rupe,694.884455842,695.441533468,20,2000,8192,4096,2048,5711.211013040024_seg0_call_60.npy,G rupe
5711.211013040024,5711.211013040024.Table.1.selections.txt,61,G rupe,725.937986023,726.531593329,20,2000,8192,4096,2048,5711.211013040024_seg0_call_61.npy,G rupe
5711.211013040024,5711.211013040024.Table.1.selections.txt,62,G rupe,734.548233509,735.324489217,20,2000,8192,4096,2048,5711.211013040024_seg0_call_62.npy,G rupe
5711.211013040024,5711.211013040024.Table.1.selections.txt,63,G rupe,735.479740358,736.091612505,20,2000,8192,4096,2048,5711.211013040024_seg0_call_63.npy,G rupe
5711.211013040024,5711.211013040024.Table.1.selections.txt,64,G rupe,747.634986607,748.182931813,20,2000,8192,4096,2048,5711.211013040024_seg0_call_64.npy,G rupe
5711.211013040024,5711.211013040024.Table.1.selections.txt,65,G rupe,748.977452361,749.589324507,20,2000,8192,4096,2048,5711.211013040024_seg0_call_65.npy,G rupe
5711.211013040024,5711.211013040024.Table.1.selections.txt,66,G rupe,757.021417681,757.642422247,20,2000,8192,4096,2048,5711.211013040024_seg0_call_66.npy,G rupe
5711.211013040024,5711.211013040024.Table.1.selections.txt,67,G rupe,769.660754315,770.254361621,20,2000,8192,4096,2048,5711.211013040024_seg0_call_67.npy,G rupe
5711.211013040024,5711.211013040024.Table.1.selections.txt,68,G rupe,781.941350228,782.562354794,20,2000,8192,4096,2048,5711.211013040024_seg0_call_68.npy,G rupe
5711.211013040024,5711.211013040024.Table.1.selections.txt,69,G rupe,788.279249771,788.818062557,20,2000,8192,4096,2048,5711.211013040024_seg0_call_69.npy,G rupe
5711.211013040024,5711.211013040024.Table.1.selections.txt,70,G rupe,790.42617593,791.038048076,20,2000,8192,4096,2048,5711.211013040024_seg0_call_70.npy,G rupe
5711.211013040024,5711.211013040024.Table.1.selections.txt,71,G rupe,792.6470459,793.478096128,20,2000,8192,4096,2048,5711.211013040024_seg0_call_71.npy,G rupe
5711.211013040024,5711.211013040024.Table.1.selections.txt,72,G rupe,804.32328232,805.072140767,20,2000,8192,4096,2048,5711.211013040024_seg0_call_72.npy,G rupe
5711.211013040024,5711.211013040024.Table.1.selections.txt,73,G rupe,824.643719567,825.419975275,20,2000,8192,4096,2048,5711.211013040024_seg0_call_73.npy,G rupe
5711.211013040024,5711.211013040024.Table.1.selections.txt,74,G rupe,825.967920481,826.552395367,20,2000,8192,4096,2048,5711.211013040024_seg0_call_74.npy,G rupe
5711.211013040024,5711.211013040024.Table.1.selections.txt,75,G rupe,849.490592754,850.07506764,20,2000,8192,4096,2048,5711.211013040024_seg0_call_75.npy,G rupe
5711.211013040024,5711.211013040024.Table.1.selections.txt,76,G rupe,851.10703111,851.636711475,20,2000,8192,4096,2048,5711.211013040024_seg0_call_76.npy,G rupe
5711.211013040024,5711.211013040024.Table.1.selections.txt,77,G rupe,863.542878164,864.09995579,20,2000,8192,4096,2048,5711.211013040024_seg0_call_77.npy,G rupe
5711.211013040024,5711.211013040024.Table.1.selections.txt,78,G rupe,868.766622456,869.323700082,20,2000,8192,4096,2048,5711.211013040024_seg0_call_78.npy,G rupe
5711.211013040024,5711.211013040024.Table.1.selections.txt,79,G rupe,872.009439026,872.767429894,20,2000,8192,4096,2048,5711.211013040024_seg0_call_79.npy,G rupe
5711.211013040024,5711.211013040024.Table.1.selections.txt,80,G rupe,884.521734109,885.078811735,20,2000,8192,4096,2048,5711.211013040024_seg0_call_80.npy,G rupe
5711.211013040024,5711.211013040024.Table.1.selections.txt,81,G rupe,878.448674748,878.978355114,20,2000,8192,4096,2048,5711.211013040024_seg0_call_81.npy,G rupe
5711.211013040024,5711.211013040024.Table.1.selections.txt,82,G rupe,889.399253875,889.947199081,20,2000,8192,4096,2048,5711.211013040024_seg0_call_82.npy,G rupe
5711.211013040024,5711.211013040024.Table.1.selections.txt,83,G rupe,897.203344176,897.888275683,20,2000,8192,4096,2048,5711.211013040024_seg0_call_83.npy,G rupe
5711.211013040024,5711.211013040024.Table.1.selections.txt,84,G rupe,920.776614864,921.32456007,20,2000,8192,4096,2048,5711.211013040024_seg0_call_84.npy,G rupe
5711.211013040024,5711.211013040024.Table.1.selections.txt,85,G rupe,921.37022217,921.872505275,20,2000,8192,4096,2048,5711.211013040024_seg0_call_85.npy,G rupe
5711.211013040024,5711.211013040024.Table.1.selections.txt,86,G rupe,947.992908383,948.193821625,20,2000,8192,4096,2048,5711.211013040024_seg0_call_86.npy,G rupe
5711.211013040024,5711.211013040024.Table.1.selections.txt,87,G rupe,958.34074824,958.897825865,20,2000,8192,4096,2048,5711.211013040024_seg0_call_87.npy,G rupe
5711.211013040024,5711.211013040024.Table.1.selections.txt,88,G rupe,976.803992554,977.452394381,20,2000,8192,4096,2048,5711.211013040024_seg0_call_88.npy,G rupe
5711.211013040024,5711.211013040024.Table.1.selections.txt,89,G rupe,970.712668353,971.40673228,20,2000,8192,4096,2048,5711.211013040024_seg0_call_89.npy,G rupe
5711.211013040024,5711.211013040024.Table.1.selections.txt,90,G rupe,989.428376003,989.976321209,20,2000,8192,4096,2048,5711.211013040024_seg0_call_90.npy,G rupe
5711.211013040024,5711.211013040024.Table.1.selections.txt,91,G rupe,1006.400603746,1006.893754431,20,2000,8192,4096,2048,5711.211013040024_seg0_call_91.npy,G rupe
5711.211013040024,5711.211013040024.Table.1.selections.txt,92,G rupe,1008.254485025,1008.875489591,20,2000,8192,4096,2048,5711.211013040024_seg0_call_92.npy,G rupe
5711.211013040024,5711.211013040024.Table.1.selections.txt,93,G rupe,1030.108284397,1030.674494443,20,2000,8192,4096,2048,5711.211013040024_seg0_call_93.npy,G rupe
5711.211013040024,5711.211013040024.Table.1.selections.txt,94,G rupe,1031.587736452,1032.190476178,20,2000,8192,4096,2048,5711.211013040024_seg0_call_94.npy,G rupe
5711.211013040024,5711.211013040024.Table.1.selections.txt,95,G rupe,1050.081761802,1050.684501528,20,2000,8192,4096,2048,5711.211013040024_seg0_call_95.npy,G rupe
5711.211013040024,5711.211013040024.Table.1.selections.txt,96,G rupe,1070.520920511,1071.160189918,20,2000,8192,4096,2048,5711.211013040024_seg0_call_96.npy,G rupe
5711.211013040024,5711.211013040024.Table.1.selections.txt,97,G rupe,1081.85675317,1082.422963215,20,2000,8192,4096,2048,5711.211013040024_seg0_call_97.npy,G rupe
5711.211013040024,5711.211013040024.Table.1.selections.txt,98,G rupe,1096.217108766,1096.783318812,20,2000,8192,4096,2048,5711.211013040024_seg0_call_98.npy,G rupe
5711.211013040024,5711.211013040024.Table.1.selections.txt,99,G rupe,1106.833984455,1107.190148839,20,2000,8192,4096,2048,5711.211013040024_seg0_call_99.npy,G rupe
5711.211013040024,5711.211013040024.Table.1.selections.txt,100,G rupe,1122.07098026,1122.710249666,20,2000,8192,4096,2048,5711.211013040024_seg0_call_100.npy,G rupe
5711.211013040024,5711.211013040024.Table.1.selections.txt,101,G rupe,1124.828971127,1125.349519072,20,2000,8192,4096,2048,5711.211013040024_seg0_call_101.npy,G rupe
5711.211013040024,5711.211013040024.Table.1.selections.txt,102,G rupe,1146.265255514,1146.776671039,20,2000,8192,4096,2048,5711.211013040024_seg0_call_102.npy,G rupe
5711.211013040024,5711.211013040024.Table.1.selections.txt,103,G rupe,1149.47987061,1150.046080656,20,2000,8192,4096,2048,5711.211013040024_seg0_call_103.npy,G rupe
5711.211013040024,5711.211013040024.Table.1.selections.txt,104,G rupe,1151.790372894,1152.40224504,20,2000,8192,4096,2048,5711.211013040024_seg0_call_104.npy,G rupe
5711.211013040024,5711.211013040024.Table.1.selections.txt,105,G rupe,1163.912470014,1164.478680059,20,2000,8192,4096,2048,5711.211013040024_seg0_call_105.npy,G rupe
5711.211013040024,5711.211013040024.Table.1.selections.txt,106,G rupe,1175.540540115,1176.134147421,20,2000,8192,4096,2048,5711.211013040024_seg0_call_106.npy,G rupe
5711.211013040024,5711.211013040024.Table.1.selections.txt,107,G rupe,1188.255296086,1188.821506132,20,2000,8192,4096,2048,5711.211013040024_seg0_call_107.npy,G rupe
5711.211013040024,5711.211013040024.Table.1.selections.txt,0,no-call,766.663459662425,767.663459662425,20,2000,8192,4096,2048,5711.211013040024_seg0_nocall_0.npy,no-call
5711.211013040024,5711.211013040024.Table.1.selections.txt,1,no-call,29.987532856026927,30.987532856026927,20,2000,8192,4096,2048,5711.211013040024_seg0_nocall_1.npy,no-call
5711.211013040024,5711.211013040024.Table.1.selections.txt,2,no-call,329.7561647994576,330.7561647994576,20,2000,8192,4096,2048,5711.211013040024_seg0_nocall_2.npy,no-call
5711.211013050024,5711.211013050024.Table.1.selections.txt,0,G rupe,11.772278018,12.283693543,20,2000,8192,4096,2048,5711.211013050024_seg0_call_0.npy,G rupe
5711.211013050024,5711.211013050024.Table.1.selections.txt,1,G rupe,20.667843531,21.220354947,20,2000,8192,4096,2048,5711.211013050024_seg0_call_1.npy,G rupe
5711.211013050024,5711.211013050024.Table.1.selections.txt,2,G rupe,22.5628207,23.069670015,20,2000,8192,4096,2048,5711.211013050024_seg0_call_2.npy,G rupe
5711.211013050024,5711.211013050024.Table.1.selections.txt,3,G rupe,27.705337462,28.002141115,20,2000,8192,4096,2048,5711.211013050024_seg0_call_3.npy,G rupe
5711.211013050024,5711.211013050024.Table.1.selections.txt,4,G rupe,36.00557782,36.663112067,20,2000,8192,4096,2048,5711.211013050024_seg0_call_4.npy,G rupe
5711.211013050024,5711.211013050024.Table.1.selections.txt,5,G rupe,38.594618916,39.137997911,20,2000,8192,4096,2048,5711.211013050024_seg0_call_5.npy,G rupe
5711.211013050024,5711.211013050024.Table.1.selections.txt,6,G rupe,53.219649839,53.831521985,20,2000,8192,4096,2048,5711.211013050024_seg0_call_6.npy,G rupe
5711.211013050024,5711.211013050024.Table.1.selections.txt,7,G rupe,55.607774847,56.301838774,20,2000,8192,4096,2048,5711.211013050024_seg0_call_7.npy,G rupe
5711.211013050024,5711.211013050024.Table.1.selections.txt,8,G rupe,62.896035113,63.457678949,20,2000,8192,4096,2048,5711.211013050024_seg0_call_8.npy,G rupe
5711.211013050024,5711.211013050024.Table.1.selections.txt,9,G rupe,63.740783972,64.211103607,20,2000,8192,4096,2048,5711.211013050024_seg0_call_9.npy,G rupe
5711.211013050024,5711.211013050024.Table.1.selections.txt,10,G rupe,68.833074595,69.3353577,20,2000,8192,4096,2048,5711.211013050024_seg0_call_10.npy,G rupe
5711.211013050024,5711.211013050024.Table.1.selections.txt,11,G rupe,71.93105742,72.437906735,20,2000,8192,4096,2048,5711.211013050024_seg0_call_11.npy,G rupe
5711.211013050024,5711.211013050024.Table.1.selections.txt,12,G rupe,82.497858143,83.073200609,20,2000,8192,4096,2048,5711.211013050024_seg0_call_12.npy,G rupe
5711.211013050024,5711.211013050024.Table.1.selections.txt,13,G rupe,84.648543074,85.20105449,20,2000,8192,4096,2048,5711.211013050024_seg0_call_13.npy,G rupe
5711.211013050024,5711.211013050024.Table.1.selections.txt,14,G rupe,85.995570899,86.566347155,20,2000,8192,4096,2048,5711.211013050024_seg0_call_14.npy,G rupe
5711.211013050024,5711.211013050024.Table.1.selections.txt,15,G rupe,107.251705978,107.767687713,20,2000,8192,4096,2048,5711.211013050024_seg0_call_15.npy,G rupe
5711.211013050024,5711.211013050024.Table.1.selections.txt,16,G rupe,110.650685214,111.139269689,20,2000,8192,4096,2048,5711.211013050024_seg0_call_16.npy,G rupe
5711.211013050024,5711.211013050024.Table.1.selections.txt,17,G rupe,112.623287954,113.111872429,20,2000,8192,4096,2048,5711.211013050024_seg0_call_17.npy,G rupe
5711.211013050024,5711.211013050024.Table.1.selections.txt,18,G rupe,116.295860705,116.852938331,20,2000,8192,4096,2048,5711.211013050024_seg0_call_18.npy,G rupe
5711.211013050024,5711.211013050024.Table.1.selections.txt,19,G rupe,127.672969678,128.202650043,20,2000,8192,4096,2048,5711.211013050024_seg0_call_19.npy,G rupe
5711.211013050024,5711.211013050024.Table.1.selections.txt,20,G rupe,132.802163433,133.304446538,20,2000,8192,4096,2048,5711.211013050024_seg0_call_20.npy,G rupe
5711.211013050024,5711.211013050024.Table.1.selections.txt,21,G rupe,141.807699408,142.341945983,20,2000,8192,4096,2048,5711.211013050024_seg0_call_21.npy,G rupe
5711.211013050024,5711.211013050024.Table.1.selections.txt,22,G rupe,151.415596021,151.940710176,20,2000,8192,4096,2048,5711.211013050024_seg0_call_22.npy,G rupe
5711.211013050024,5711.211013050024.Table.1.selections.txt,23,G rupe,156.743235111,157.304878946,20,2000,8192,4096,2048,5711.211013050024_seg0_call_23.npy,G rupe
5711.211013050024,5711.211013050024.Table.1.selections.txt,24,G rupe,173.238307117,173.758855062,20,2000,8192,4096,2048,5711.211013050024_seg0_call_24.npy,G rupe
5711.211013050024,5711.211013050024.Table.1.selections.txt,25,G rupe,183.964916213,184.508295208,20,2000,8192,4096,2048,5711.211013050024_seg0_call_25.npy,G rupe
5711.211013050024,5711.211013050024.Table.1.selections.txt,26,G rupe,195.314645881,195.858024876,20,2000,8192,4096,2048,5711.211013050024_seg0_call_26.npy,G rupe
5711.211013050024,5711.211013050024.Table.1.selections.txt,27,G rupe,205.561802922,206.086917077,20,2000,8192,4096,2048,5711.211013050024_seg0_call_27.npy,G rupe
5711.211013050024,5711.211013050024.Table.1.selections.txt,28,G rupe,212.122318472,212.702227148,20,2000,8192,4096,2048,5711.211013050024_seg0_call_28.npy,G rupe
5711.211013050024,5711.211013050024.Table.1.selections.txt,29,G rupe,227.57629484,228.087710365,20,2000,8192,4096,2048,5711.211013050024_seg0_call_29.npy,G rupe
5711.211013050024,5711.211013050024.Table.1.selections.txt,30,G rupe,229.203963666,229.765607502,20,2000,8192,4096,2048,5711.211013050024_seg0_call_30.npy,G rupe
5711.211013050024,5711.211013050024.Table.1.selections.txt,31,G rupe,233.10731508,233.650694075,20,2000,8192,4096,2048,5711.211013050024_seg0_call_31.npy,G rupe
5711.211013050024,5711.211013050024.Table.1.selections.txt,32,G rupe,242.756299174,243.34534027,20,2000,8192,4096,2048,5711.211013050024_seg0_call_32.npy,G rupe
5711.211013050024,5711.211013050024.Table.1.selections.txt,33,G rupe,248.871811686,249.451720362,20,2000,8192,4096,2048,5711.211013050024_seg0_call_33.npy,G rupe
5711.211013050024,5711.211013050024.Table.1.selections.txt,34,G rupe,261.157596458,261.646180933,20,2000,8192,4096,2048,5711.211013050024_seg0_call_34.npy,G rupe
5711.211013050024,5711.211013050024.Table.1.selections.txt,35,G rupe,272.562102691,273.155709997,20,2000,8192,4096,2048,5711.211013050024_seg0_call_35.npy,G rupe
5711.211013050024,5711.211013050024.Table.1.selections.txt,36,G rupe,277.280337543,277.851113798,20,2000,8192,4096,2048,5711.211013050024_seg0_call_36.npy,G rupe
5711.211013050024,5711.211013050024.Table.1.selections.txt,37,G rupe,279.864812428,280.385360374,20,2000,8192,4096,2048,5711.211013050024_seg0_call_37.npy,G rupe
5711.211013050024,5711.211013050024.Table.1.selections.txt,38,G rupe,292.312142492,292.878352538,20,2000,8192,4096,2048,5711.211013050024_seg0_call_38.npy,G rupe
5711.211013050024,5711.211013050024.Table.1.selections.txt,39,G rupe,306.508295091,307.111034817,20,2000,8192,4096,2048,5711.211013050024_seg0_call_39.npy,G rupe
5711.211013050024,5711.211013050024.Table.1.selections.txt,40,G rupe,312.829305581,313.400081836,20,2000,8192,4096,2048,5711.211013050024_seg0_call_40.npy,G rupe
5711.211013050024,5711.211013050024.Table.1.selections.txt,41,G rupe,314.066748503,314.527935718,20,2000,8192,4096,2048,5711.211013050024_seg0_call_41.npy,G rupe
5711.211013050024,5711.211013050024.Table.1.selections.txt,42,G rupe,324.49616588,325.003015195,20,2000,8192,4096,2048,5711.211013050024_seg0_call_42.npy,G rupe
5711.211013050024,5711.211013050024.Table.1.selections.txt,43,G rupe,334.640804162,334.741260783,20,2000,8192,4096,2048,5711.211013050024_seg0_call_43.npy,G rupe
5711.211013050024,5711.211013050024.Table.1.selections.txt,44,G rupe,335.079160327,335.161352107,20,2000,8192,4096,2048,5711.211013050024_seg0_call_44.npy,G rupe
5711.211013050024,5711.211013050024.Table.1.selections.txt,45,G rupe,356.221506126,356.787716171,20,2000,8192,4096,2048,5711.211013050024_seg0_call_45.npy,G rupe
5711.211013050024,5711.211013050024.Table.1.selections.txt,46,G rupe,358.728355441,359.253469596,20,2000,8192,4096,2048,5711.211013050024_seg0_call_46.npy,G rupe
5711.211013050024,5711.211013050024.Table.1.selections.txt,47,G rupe,376.051603745,376.709137992,20,2000,8192,4096,2048,5711.211013050024_seg0_call_47.npy,G rupe
5711.211013050024,5711.211013050024.Table.1.selections.txt,48,G rupe,379.697185258,380.240564253,20,2000,8192,4096,2048,5711.211013050024_seg0_call_48.npy,G rupe
5711.211013050024,5711.211013050024.Table.1.selections.txt,49,G rupe,391.642620282,392.240793798,20,2000,8192,4096,2048,5711.211013050024_seg0_call_49.npy,G rupe
5711.211013050024,5711.211013050024.Table.1.selections.txt,50,G rupe,395.571270906,396.187709262,20,2000,8192,4096,2048,5711.211013050024_seg0_call_50.npy,G rupe
5711.211013050024,5711.211013050024.Table.1.selections.txt,51,G rupe,402.720809596,402.857795897,20,2000,8192,4096,2048,5711.211013050024_seg0_call_51.npy,G rupe
5711.211013050024,5711.211013050024.Table.1.selections.txt,52,G rupe,412.842210806,413.390156011,20,2000,8192,4096,2048,5711.211013050024_seg0_call_52.npy,G rupe
5711.211013050024,5711.211013050024.Table.1.selections.txt,53,G rupe,413.472347792,414.061388888,20,2000,8192,4096,2048,5711.211013050024_seg0_call_53.npy,G rupe
5711.211013050024,5711.211013050024.Table.1.selections.txt,54,G rupe,423.963612016,424.479593751,20,2000,8192,4096,2048,5711.211013050024_seg0_call_54.npy,G rupe
5711.211013050024,5711.211013050024.Table.1.selections.txt,55,G rupe,428.495038277,428.609193529,20,2000,8192,4096,2048,5711.211013050024_seg0_call_55.npy,G rupe
5711.211013050024,5711.211013050024.Table.1.selections.txt,56,G rupe,435.637524641,436.263095418,20,2000,8192,4096,2048,5711.211013050024_seg0_call_56.npy,G rupe
5711.211013050024,5711.211013050024.Table.1.selections.txt,57,G rupe,439.931506281,440.100456053,20,2000,8192,4096,2048,5711.211013050024_seg0_call_57.npy,G rupe
5711.211013050024,5711.211013050024.Table.1.selections.txt,58,G rupe,440.351597605,440.872145551,20,2000,8192,4096,2048,5711.211013050024_seg0_call_58.npy,G rupe
5711.211013050024,5711.211013050024.Table.1.selections.txt,59,G rupe,456.928475278,457.554046054,20,2000,8192,4096,2048,5711.211013050024_seg0_call_59.npy,G rupe
5711.211013050024,5711.211013050024.Table.1.selections.txt,60,G rupe,463.680753694,464.25609616,20,2000,8192,4096,2048,5711.211013050024_seg0_call_60.npy,G rupe
5711.211013050024,5711.211013050024.Table.1.selections.txt,61,G rupe,475.683433443,476.318136639,20,2000,8192,4096,2048,5711.211013050024_seg0_call_61.npy,G rupe
5711.211013050024,5711.211013050024.Table.1.selections.txt,62,G rupe,494.600360877,495.162004713,20,2000,8192,4096,2048,5711.211013050024_seg0_call_62.npy,G rupe
5711.211013050024,5711.211013050024.Table.1.selections.txt,63,G rupe,498.654379266,499.202324472,20,2000,8192,4096,2048,5711.211013050024_seg0_call_63.npy,G rupe
5711.211013050024,5711.211013050024.Table.1.selections.txt,64,G rupe,506.785689028,507.338200443,20,2000,8192,4096,2048,5711.211013050024_seg0_call_64.npy,G rupe
5711.211013050024,5711.211013050024.Table.1.selections.txt,65,G rupe,519.427232161,519.970611157,20,2000,8192,4096,2048,5711.211013050024_seg0_call_65.npy,G rupe
5711.211013050024,5711.211013050024.Table.1.selections.txt,66,G rupe,520.144127139,520.440930791,20,2000,8192,4096,2048,5711.211013050024_seg0_call_66.npy,G rupe
5711.211013050024,5711.211013050024.Table.1.selections.txt,67,G rupe,524.554345823,525.170784179,20,2000,8192,4096,2048,5711.211013050024_seg0_call_67.npy,G rupe
5711.211013050024,5711.211013050024.Table.1.selections.txt,68,G rupe,529.665274738,530.222352364,20,2000,8192,4096,2048,5711.211013050024_seg0_call_68.npy,G rupe
5711.211013050024,5711.211013050024.Table.1.selections.txt,69,G rupe,541.848116773,542.332135038,20,2000,8192,4096,2048,5711.211013050024_seg0_call_69.npy,G rupe
5711.211013050024,5711.211013050024.Table.1.selections.txt,70,G rupe,545.373230928,545.971404444,20,2000,8192,4096,2048,5711.211013050024_seg0_call_70.npy,G rupe
5711.211013050024,5711.211013050024.Table.1.selections.txt,71,G rupe,550.538990276,551.054972012,20,2000,8192,4096,2048,5711.211013050024_seg0_call_71.npy,G rupe
5711.211013050024,5711.211013050024.Table.1.selections.txt,72,G rupe,565.777966706,566.357875382,20,2000,8192,4096,2048,5711.211013050024_seg0_call_72.npy,G rupe
5711.211013050024,5711.211013050024.Table.1.selections.txt,73,G rupe,568.87384714,569.335034354,20,2000,8192,4096,2048,5711.211013050024_seg0_call_73.npy,G rupe
5711.211013050024,5711.211013050024.Table.1.selections.txt,74,G rupe,597.51696967,598.165371496,20,2000,8192,4096,2048,5711.211013050024_seg0_call_74.npy,G rupe
5711.211013050024,5711.211013050024.Table.1.selections.txt,75,G rupe,604.481409917,604.618396218,20,2000,8192,4096,2048,5711.211013050024_seg0_call_75.npy,G rupe
5711.211013050024,5711.211013050024.Table.1.selections.txt,76,G rupe,618.212196994,618.81037051,20,2000,8192,4096,2048,5711.211013050024_seg0_call_76.npy,G rupe
5711.211013050024,5711.211013050024.Table.1.selections.txt,77,G rupe,637.592391737,638.190565253,20,2000,8192,4096,2048,5711.211013050024_seg0_call_77.npy,G rupe
5711.211013050024,5711.211013050024.Table.1.selections.txt,78,G rupe,641.813315716,642.306466401,20,2000,8192,4096,2048,5711.211013050024_seg0_call_78.npy,G rupe
5711.211013050024,5711.211013050024.Table.1.selections.txt,79,G rupe,657.009522183,657.584864649,20,2000,8192,4096,2048,5711.211013050024_seg0_call_79.npy,G rupe
5711.211013050024,5711.211013050024.Table.1.selections.txt,80,G rupe,663.996757405,664.48534188,20,2000,8192,4096,2048,5711.211013050024_seg0_call_80.npy,G rupe
5711.211013050024,5711.211013050024.Table.1.selections.txt,81,G rupe,664.896300784,665.43054736,20,2000,8192,4096,2048,5711.211013050024_seg0_call_81.npy,G rupe
5711.211013050024,5711.211013050024.Table.1.selections.txt,82,G rupe,666.382065197,666.477955608,20,2000,8192,4096,2048,5711.211013050024_seg0_call_82.npy,G rupe
5711.211013050024,5711.211013050024.Table.1.selections.txt,83,G rupe,667.468823188,667.980238713,20,2000,8192,4096,2048,5711.211013050024_seg0_call_83.npy,G rupe
5711.211013050024,5711.211013050024.Table.1.selections.txt,84,G rupe,678.768234514,679.261385199,20,2000,8192,4096,2048,5711.211013050024_seg0_call_84.npy,G rupe
5711.211013050024,5711.211013050024.Table.1.selections.txt,85,G rupe,688.741508733,689.284887728,20,2000,8192,4096,2048,5711.211013050024_seg0_call_85.npy,G rupe
5711.211013050024,5711.211013050024.Table.1.selections.txt,86,G rupe,693.297774314,693.772660159,20,2000,8192,4096,2048,5711.211013050024_seg0_call_86.npy,G rupe
5711.211013050024,5711.211013050024.Table.1.selections.txt,87,G rupe,695.526084817,696.037500342,20,2000,8192,4096,2048,5711.211013050024_seg0_call_87.npy,G rupe
5711.211013050024,5711.211013050024.Table.1.selections.txt,88,G rupe,719.768147424,720.316092629,20,2000,8192,4096,2048,5711.211013050024_seg0_call_88.npy,G rupe
5711.211013050024,5711.211013050024.Table.1.selections.txt,89,G rupe,732.414734206,733.017473932,20,2000,8192,4096,2048,5711.211013050024_seg0_call_89.npy,G rupe
5711.211013050024,5711.211013050024.Table.1.selections.txt,90,G rupe,741.07776641,741.639410245,20,2000,8192,4096,2048,5711.211013050024_seg0_call_90.npy,G rupe
5711.211013050024,5711.211013050024.Table.1.selections.txt,91,G rupe,742.420232163,742.949912528,20,2000,8192,4096,2048,5711.211013050024_seg0_call_91.npy,G rupe
5711.211013050024,5711.211013050024.Table.1.selections.txt,92,G rupe,747.24765214,747.343542551,20,2000,8192,4096,2048,5711.211013050024_seg0_call_92.npy,G rupe
5711.211013050024,5711.211013050024.Table.1.selections.txt,93,G rupe,751.824668678,752.523298815,20,2000,8192,4096,2048,5711.211013050024_seg0_call_93.npy,G rupe
5711.211013050024,5711.211013050024.Table.1.selections.txt,94,G rupe,762.124223904,762.663036689,20,2000,8192,4096,2048,5711.211013050024_seg0_call_94.npy,G rupe
5711.211013050024,5711.211013050024.Table.1.selections.txt,95,G rupe,764.955274132,765.626507009,20,2000,8192,4096,2048,5711.211013050024_seg0_call_95.npy,G rupe
5711.211013050024,5711.211013050024.Table.1.selections.txt,96,G rupe,769.974472825,770.50415319,20,2000,8192,4096,2048,5711.211013050024_seg0_call_96.npy,G rupe
5711.211013050024,5711.211013050024.Table.1.selections.txt,97,G rupe,782.885828373,783.018248464,20,2000,8192,4096,2048,5711.211013050024_seg0_call_97.npy,G rupe
5711.211013050024,5711.211013050024.Table.1.selections.txt,98,G rupe,782.429207368,782.57532609,20,2000,8192,4096,2048,5711.211013050024_seg0_call_98.npy,G rupe
5711.211013050024,5711.211013050024.Table.1.selections.txt,99,G rupe,785.499446415,785.819081118,20,2000,8192,4096,2048,5711.211013050024_seg0_call_99.npy,G rupe
5711.211013050024,5711.211013050024.Table.1.selections.txt,100,G rupe,793.28328228,793.780999175,20,2000,8192,4096,2048,5711.211013050024_seg0_call_100.npy,G rupe
5711.211013050024,5711.211013050024.Table.1.selections.txt,101,G rupe,795.388305111,795.968213786,20,2000,8192,4096,2048,5711.211013050024_seg0_call_101.npy,G rupe
5711.211013050024,5711.211013050024.Table.1.selections.txt,102,G rupe,802.393805173,802.937184169,20,2000,8192,4096,2048,5711.211013050024_seg0_call_102.npy,G rupe
5711.211013050024,5711.211013050024.Table.1.selections.txt,103,G rupe,811.901254143,812.819062362,20,2000,8192,4096,2048,5711.211013050024_seg0_call_103.npy,G rupe
5711.211013050024,5711.211013050024.Table.1.selections.txt,104,G rupe,819.247211689,819.772325844,20,2000,8192,4096,2048,5711.211013050024_seg0_call_104.npy,G rupe
5711.211013050024,5711.211013050024.Table.1.selections.txt,105,G rupe,819.986937716,820.544015342,20,2000,8192,4096,2048,5711.211013050024_seg0_call_105.npy,G rupe
5711.211013050024,5711.211013050024.Table.1.selections.txt,106,G rupe,830.42797363,831.080941666,20,2000,8192,4096,2048,5711.211013050024_seg0_call_106.npy,G rupe
5711.211013050024,5711.211013050024.Table.1.selections.txt,107,G rupe,856.786677197,857.334622402,20,2000,8192,4096,2048,5711.211013050024_seg0_call_107.npy,G rupe
5711.211013050024,5711.211013050024.Table.1.selections.txt,108,G rupe,868.362213296,868.996916492,20,2000,8192,4096,2048,5711.211013050024_seg0_call_108.npy,G rupe
5711.211013050024,5711.211013050024.Table.1.selections.txt,109,G rupe,869.389610556,869.974085442,20,2000,8192,4096,2048,5711.211013050024_seg0_call_109.npy,G rupe
5711.211013050024,5711.211013050024.Table.1.selections.txt,110,G rupe,873.064669423,873.649144309,20,2000,8192,4096,2048,5711.211013050024_seg0_call_110.npy,G rupe
5711.211013050024,5711.211013050024.Table.1.selections.txt,111,G rupe,907.595742731,908.134555516,20,2000,8192,4096,2048,5711.211013050024_seg0_call_111.npy,G rupe
5711.211013050024,5711.211013050024.Table.1.selections.txt,112,G rupe,905.659669671,906.148254146,20,2000,8192,4096,2048,5711.211013050024_seg0_call_112.npy,G rupe
5711.211013050024,5711.211013050024.Table.1.selections.txt,113,G rupe,913.667584026,914.224661651,20,2000,8192,4096,2048,5711.211013050024_seg0_call_113.npy,G rupe
5711.211013050024,5711.211013050024.Table.1.selections.txt,114,G rupe,932.100493196,933.196383607,20,2000,8192,4096,2048,5711.211013050024_seg0_call_114.npy,G rupe
5711.211013050024,5711.211013050024.Table.1.selections.txt,115,G rupe,956.404808264,957.02581283,20,2000,8192,4096,2048,5711.211013050024_seg0_call_115.npy,G rupe
5711.211013050024,5711.211013050024.Table.1.selections.txt,116,G rupe,982.530563295,983.087640921,20,2000,8192,4096,2048,5711.211013050024_seg0_call_116.npy,G rupe
5711.211013050024,5711.211013050024.Table.1.selections.txt,117,G rupe,983.498599825,984.02371398,20,2000,8192,4096,2048,5711.211013050024_seg0_call_117.npy,G rupe
5711.211013050024,5711.211013050024.Table.1.selections.txt,118,G rupe,1005.805401343,1006.312250658,20,2000,8192,4096,2048,5711.211013050024_seg0_call_118.npy,G rupe
5711.211013050024,5711.211013050024.Table.1.selections.txt,119,G rupe,1003.316816868,1003.837364813,20,2000,8192,4096,2048,5711.211013050024_seg0_call_119.npy,G rupe
5711.211013050024,5711.211013050024.Table.1.selections.txt,120,G rupe,1007.804994988,1008.325542933,20,2000,8192,4096,2048,5711.211013050024_seg0_call_120.npy,G rupe
5711.211013050024,5711.211013050024.Table.1.selections.txt,121,G rupe,1018.615893915,1019.17753775,20,2000,8192,4096,2048,5711.211013050024_seg0_call_121.npy,G rupe
5711.211013050024,5711.211013050024.Table.1.selections.txt,122,G rupe,1024.003281549,1024.555792965,20,2000,8192,4096,2048,5711.211013050024_seg0_call_122.npy,G rupe
5711.211013050024,5711.211013050024.Table.1.selections.txt,123,G rupe,1029.659669554,1030.171085079,20,2000,8192,4096,2048,5711.211013050024_seg0_call_123.npy,G rupe
5711.211013050024,5711.211013050024.Table.1.selections.txt,124,G rupe,1038.842917611,1039.377164186,20,2000,8192,4096,2048,5711.211013050024_seg0_call_124.npy,G rupe
5711.211013050024,5711.211013050024.Table.1.selections.txt,125,G rupe,1056.171138147,1056.824106184,20,2000,8192,4096,2048,5711.211013050024_seg0_call_125.npy,G rupe
5711.211013050024,5711.211013050024.Table.1.selections.txt,126,G rupe,1061.683893547,1062.236404962,20,2000,8192,4096,2048,5711.211013050024_seg0_call_126.npy,G rupe
5711.211013050024,5711.211013050024.Table.1.selections.txt,127,G rupe,1064.460149254,1065.00809446,20,2000,8192,4096,2048,5711.211013050024_seg0_call_127.npy,G rupe
5711.211013050024,5711.211013050024.Table.1.selections.txt,128,G rupe,1067.438658079,1067.968338444,20,2000,8192,4096,2048,5711.211013050024_seg0_call_128.npy,G rupe
5711.211013050024,5711.211013050024.Table.1.selections.txt,129,G rupe,1078.0602623,1078.621906135,20,2000,8192,4096,2048,5711.211013050024_seg0_call_129.npy,G rupe
5711.211013050024,5711.211013050024.Table.1.selections.txt,130,G rupe,1084.346787291,1085.113910579,20,2000,8192,4096,2048,5711.211013050024_seg0_call_130.npy,G rupe
5711.211013050024,5711.211013050024.Table.1.selections.txt,131,G rupe,1090.893586255,1091.40043557,20,2000,8192,4096,2048,5711.211013050024_seg0_call_131.npy,G rupe
5711.211013050024,5711.211013050024.Table.1.selections.txt,132,G rupe,1108.881492956,1109.351812591,20,2000,8192,4096,2048,5711.211013050024_seg0_call_132.npy,G rupe
5711.211013050024,5711.211013050024.Table.1.selections.txt,133,G rupe,1112.25135597,1112.835830856,20,2000,8192,4096,2048,5711.211013050024_seg0_call_133.npy,G rupe
5711.211013050024,5711.211013050024.Table.1.selections.txt,134,G rupe,1115.980731512,1116.533242927,20,2000,8192,4096,2048,5711.211013050024_seg0_call_134.npy,G rupe
5711.211013050024,5711.211013050024.Table.1.selections.txt,135,G rupe,1117.761553429,1118.341462105,20,2000,8192,4096,2048,5711.211013050024_seg0_call_135.npy,G rupe
5711.211013050024,5711.211013050024.Table.1.selections.txt,136,G rupe,1135.185330179,1135.673914654,20,2000,8192,4096,2048,5711.211013050024_seg0_call_136.npy,G rupe
5711.211013050024,5711.211013050024.Table.1.selections.txt,137,G rupe,1139.874087676,1140.431165302,20,2000,8192,4096,2048,5711.211013050024_seg0_call_137.npy,G rupe
5711.211013050024,5711.211013050024.Table.1.selections.txt,138,G rupe,1144.782761052,1145.317007627,20,2000,8192,4096,2048,5711.211013050024_seg0_call_138.npy,G rupe
5711.211013050024,5711.211013050024.Table.1.selections.txt,139,Growl B,1140.463126349,1140.799273092,20,2000,8192,4096,2048,5711.211013050024_seg0_call_139.npy,Growl B
5711.211013050024,5711.211013050024.Table.1.selections.txt,140,G rupe,1145.790749654,1146.242804448,20,2000,8192,4096,2048,5711.211013050024_seg0_call_140.npy,G rupe
5711.211013050024,5711.211013050024.Table.1.selections.txt,141,G rupe,1162.45022343,1163.107757676,20,2000,8192,4096,2048,5711.211013050024_seg0_call_141.npy,G rupe
5711.211013050024,5711.211013050024.Table.1.selections.txt,142,G rupe,1172.843517148,1173.336667833,20,2000,8192,4096,2048,5711.211013050024_seg0_call_142.npy,G rupe
5711.211013050024,5711.211013050024.Table.1.selections.txt,143,G rupe,1182.147566215,1182.526561649,20,2000,8192,4096,2048,5711.211013050024_seg0_call_143.npy,G rupe
5711.211013050024,5711.211013050024.Table.1.selections.txt,0,no-call,766.6762481983941,767.6762481983941,20,2000,8192,4096,2048,5711.211013050024_seg0_nocall_0.npy,no-call
5711.211013050024,5711.211013050024.Table.1.selections.txt,1,no-call,29.98803307113138,30.98803307113138,20,2000,8192,4096,2048,5711.211013050024_seg0_nocall_1.npy,no-call
5711.211013050024,5711.211013050024.Table.1.selections.txt,2,no-call,329.76166538582504,330.76166538582504,20,2000,8192,4096,2048,5711.211013050024_seg0_nocall_2.npy,no-call
5711.211015090024,5711.211015090024.Table.1.selections.txt,0,G rupe,28.02514484,29.340213333,20,2000,8192,4096,2048,5711.211015090024_seg0_call_0.npy,G rupe
5711.211015090024,5711.211015090024.Table.1.selections.txt,1,G rupe,38.158070227,38.824736894,20,2000,8192,4096,2048,5711.211015090024_seg0_call_1.npy,G rupe
5711.211015090024,5711.211015090024.Table.1.selections.txt,2,G rupe,47.136140043,47.83933639,20,2000,8192,4096,2048,5711.211015090024_seg0_call_2.npy,G rupe
5711.211015090024,5711.211015090024.Table.1.selections.txt,3,G rupe,52.046119039,52.548402144,20,2000,8192,4096,2048,5711.211015090024_seg0_call_3.npy,G rupe
5711.211015090024,5711.211015090024.Table.1.selections.txt,4,G rupe,126.259321982,127.062974951,20,2000,8192,4096,2048,5711.211015090024_seg0_call_4.npy,G rupe
5711.211015090024,5711.211015090024.Table.1.selections.txt,5,G rupe,145.753883337,146.530139045,20,2000,8192,4096,2048,5711.211015090024_seg0_call_5.npy,G rupe
5711.211015090024,5711.211015090024.Table.1.selections.txt,6,G rupe,144.393152744,145.02328973,20,2000,8192,4096,2048,5711.211015090024_seg0_call_6.npy,G rupe
5711.211015090024,5711.211015090024.Table.1.selections.txt,7,G rupe,170.84503593,171.694350999,20,2000,8192,4096,2048,5711.211015090024_seg0_call_7.npy,G rupe
5711.211015090024,5711.211015090024.Table.1.selections.txt,8,G rupe,196.374553703,197.10514731,20,2000,8192,4096,2048,5711.211015090024_seg0_call_8.npy,G rupe
5711.211015090024,5711.211015090024.Table.1.selections.txt,9,G rupe,214.084122499,214.823848526,20,2000,8192,4096,2048,5711.211015090024_seg0_call_9.npy,G rupe
5711.211015090024,5711.211015090024.Table.1.selections.txt,10,G rupe,215.664031175,216.1754467,20,2000,8192,4096,2048,5711.211015090024_seg0_call_10.npy,G rupe
5711.211015090024,5711.211015090024.Table.1.selections.txt,11,G rupe,229.01077955,229.759637997,20,2000,8192,4096,2048,5711.211015090024_seg0_call_11.npy,G rupe
5711.211015090024,5711.211015090024.Table.1.selections.txt,12,G rupe,296.423588031,297.017195337,20,2000,8192,4096,2048,5711.211015090024_seg0_call_12.npy,G rupe
5711.211015090024,5711.211015090024.Table.1.selections.txt,13,G rupe,311.131067,311.971249648,20,2000,8192,4096,2048,5711.211015090024_seg0_call_13.npy,G rupe
5711.211015090024,5711.211015090024.Table.1.selections.txt,14,G rupe,328.814941809,329.408549115,20,2000,8192,4096,2048,5711.211015090024_seg0_call_14.npy,G rupe
5711.211015090024,5711.211015090024.Table.1.selections.txt,15,G rupe,358.104540277,358.789471784,20,2000,8192,4096,2048,5711.211015090024_seg0_call_15.npy,G rupe
5711.211015090024,5711.211015090024.Table.1.selections.txt,16,G rupe,382.750689683,383.380826669,20,2000,8192,4096,2048,5711.211015090024_seg0_call_16.npy,G rupe
5711.211015090024,5711.211015090024.Table.1.selections.txt,17,G rupe,406.598138885,407.301335232,20,2000,8192,4096,2048,5711.211015090024_seg0_call_17.npy,G rupe
5711.211015090024,5711.211015090024.Table.1.selections.txt,18,G rupe,411.483174465,412.03111967,20,2000,8192,4096,2048,5711.211015090024_seg0_call_18.npy,G rupe
5711.211015090024,5711.211015090024.Table.1.selections.txt,19,G rupe,415.154407341,415.885000949,20,2000,8192,4096,2048,5711.211015090024_seg0_call_19.npy,G rupe
5711.211015090024,5711.211015090024.Table.1.selections.txt,20,G rupe,424.962765546,425.702491573,20,2000,8192,4096,2048,5711.211015090024_seg0_call_20.npy,G rupe
5711.211015090024,5711.211015090024.Table.1.selections.txt,21,G rupe,438.211515651,438.923844419,20,2000,8192,4096,2048,5711.211015090024_seg0_call_21.npy,G rupe
5711.211015090024,5711.211015090024.Table.1.selections.txt,22,G rupe,490.764088436,491.412490262,20,2000,8192,4096,2048,5711.211015090024_seg0_call_22.npy,G rupe
5711.211015090024,5711.211015090024.Table.1.selections.txt,23,G rupe,498.94519062,499.410944045,20,2000,8192,4096,2048,5711.211015090024_seg0_call_23.npy,G rupe
5711.211015090024,5711.211015090024.Table.1.selections.txt,24,G rupe,510.475360506,511.233351373,20,2000,8192,4096,2048,5711.211015090024_seg0_call_24.npy,G rupe
5711.211015090024,5711.211015090024.Table.1.selections.txt,25,G rupe,513.004231702,513.552176907,20,2000,8192,4096,2048,5711.211015090024_seg0_call_25.npy,G rupe
5711.211015090024,5711.211015090024.Table.1.selections.txt,26,G rupe,517.524779647,517.999665492,20,2000,8192,4096,2048,5711.211015090024_seg0_call_26.npy,G rupe
5711.211015090024,5711.211015090024.Table.1.selections.txt,27,G rupe,536.760392764,537.271808289,20,2000,8192,4096,2048,5711.211015090024_seg0_call_27.npy,G rupe
5711.211015090024,5711.211015090024.Table.1.selections.txt,28,G rupe,558.86600808,559.450482966,20,2000,8192,4096,2048,5711.211015090024_seg0_call_28.npy,G rupe
5711.211015090024,5711.211015090024.Table.1.selections.txt,29,G rupe,587.783671737,588.532530184,20,2000,8192,4096,2048,5711.211015090024_seg0_call_29.npy,G rupe
5711.211015090024,5711.211015090024.Table.1.selections.txt,30,G rupe,597.713173693,598.288516159,20,2000,8192,4096,2048,5711.211015090024_seg0_call_30.npy,G rupe
5711.211015090024,5711.211015090024.Table.1.selections.txt,31,G rupe,604.33417826,605.019109766,20,2000,8192,4096,2048,5711.211015090024_seg0_call_31.npy,G rupe
5711.211015090024,5711.211015090024.Table.1.selections.txt,32,G rupe,622.220687615,622.923883962,20,2000,8192,4096,2048,5711.211015090024_seg0_call_32.npy,G rupe
5711.211015090024,5711.211015090024.Table.1.selections.txt,33,G rupe,634.857565575,635.606424022,20,2000,8192,4096,2048,5711.211015090024_seg0_call_33.npy,G rupe
5711.211015090024,5711.211015090024.Table.1.selections.txt,34,G rupe,650.247445577,650.968906764,20,2000,8192,4096,2048,5711.211015090024_seg0_call_34.npy,G rupe
5711.211015090024,5711.211015090024.Table.1.selections.txt,35,G rupe,680.335780309,681.066373916,20,2000,8192,4096,2048,5711.211015090024_seg0_call_35.npy,G rupe
5711.211015090024,5711.211015090024.Table.1.selections.txt,36,G rupe,696.702829261,697.378628348,20,2000,8192,4096,2048,5711.211015090024_seg0_call_36.npy,G rupe
5711.211015090024,5711.211015090024.Table.1.selections.txt,37,G rupe,708.184950815,708.933809263,20,2000,8192,4096,2048,5711.211015090024_seg0_call_37.npy,G rupe
5711.211015090024,5711.211015090024.Table.1.selections.txt,38,G rupe,713.307465378,714.065456245,20,2000,8192,4096,2048,5711.211015090024_seg0_call_38.npy,G rupe
5711.211015090024,5711.211015090024.Table.1.selections.txt,39,G rupe,712.357693688,712.978698255,20,2000,8192,4096,2048,5711.211015090024_seg0_call_39.npy,G rupe
5711.211015090024,5711.211015090024.Table.1.selections.txt,40,G rupe,729.133207132,729.872933159,20,2000,8192,4096,2048,5711.211015090024_seg0_call_40.npy,G rupe
5711.211015090024,5711.211015090024.Table.1.selections.txt,41,G rupe,778.31426772,778.999199227,20,2000,8192,4096,2048,5711.211015090024_seg0_call_41.npy,G rupe
5711.211015090024,5711.211015090024.Table.1.selections.txt,42,G rupe,795.89101184,796.575943347,20,2000,8192,4096,2048,5711.211015090024_seg0_call_42.npy,G rupe
5711.211015090024,5711.211015090024.Table.1.selections.txt,43,G rupe,825.150790757,825.972708565,20,2000,8192,4096,2048,5711.211015090024_seg0_call_43.npy,G rupe
5711.211015090024,5711.211015090024.Table.1.selections.txt,44,G rupe,852.990756721,853.703085488,20,2000,8192,4096,2048,5711.211015090024_seg0_call_44.npy,G rupe
5711.211015090024,5711.211015090024.Table.1.selections.txt,45,G rupe,859.633396614,860.400519902,20,2000,8192,4096,2048,5711.211015090024_seg0_call_45.npy,G rupe
5711.211015090024,5711.211015090024.Table.1.selections.txt,46,G rupe,871.718185773,872.613162942,20,2000,8192,4096,2048,5711.211015090024_seg0_call_46.npy,G rupe
5711.211015090024,5711.211015090024.Table.1.selections.txt,47,G rupe,878.406487767,879.201008315,20,2000,8192,4096,2048,5711.211015090024_seg0_call_47.npy,G rupe
5711.211015090024,5711.211015090024.Table.1.selections.txt,48,G rupe,887.6194813,888.286147967,20,2000,8192,4096,2048,5711.211015090024_seg0_call_48.npy,G rupe
5711.211015090024,5711.211015090024.Table.1.selections.txt,49,G rupe,892.082039325,892.739573572,20,2000,8192,4096,2048,5711.211015090024_seg0_call_49.npy,G rupe
5711.211015090024,5711.211015090024.Table.1.selections.txt,50,G rupe,926.692571186,927.450562053,20,2000,8192,4096,2048,5711.211015090024_seg0_call_50.npy,G rupe
5711.211015090024,5711.211015090024.Table.1.selections.txt,51,G rupe,933.077008904,933.67974863,20,2000,8192,4096,2048,5711.211015090024_seg0_call_51.npy,G rupe
5711.211015090024,5711.211015090024.Table.1.selections.txt,52,G rupe,947.659092342,948.161375447,20,2000,8192,4096,2048,5711.211015090024_seg0_call_52.npy,G rupe
5711.211015090024,5711.211015090024.Table.1.selections.txt,53,G rupe,954.64883632,955.352032667,20,2000,8192,4096,2048,5711.211015090024_seg0_call_53.npy,G rupe
5711.211015090024,5711.211015090024.Table.1.selections.txt,54,G rupe,971.0773178,971.680057526,20,2000,8192,4096,2048,5711.211015090024_seg0_call_54.npy,G rupe
5711.211015090024,5711.211015090024.Table.1.selections.txt,55,G rupe,971.753116887,972.282797252,20,2000,8192,4096,2048,5711.211015090024_seg0_call_55.npy,G rupe
5711.211015090024,5711.211015090024.Table.1.selections.txt,56,G rupe,988.549461704,989.170466271,20,2000,8192,4096,2048,5711.211015090024_seg0_call_56.npy,G rupe
5711.211015090024,5711.211015090024.Table.1.selections.txt,57,G rupe,1024.157076537,1025.006391606,20,2000,8192,4096,2048,5711.211015090024_seg0_call_57.npy,G rupe
5711.211015090024,5711.211015090024.Table.1.selections.txt,58,G rupe,1030.016822715,1030.692621802,20,2000,8192,4096,2048,5711.211015090024_seg0_call_58.npy,G rupe
5711.211015090024,5711.211015090024.Table.1.selections.txt,59,G rupe,1038.063360889,1038.611306095,20,2000,8192,4096,2048,5711.211015090024_seg0_call_59.npy,G rupe
5711.211015090024,5711.211015090024.Table.1.selections.txt,60,G rupe,1048.874672182,1049.760516931,20,2000,8192,4096,2048,5711.211015090024_seg0_call_60.npy,G rupe
5711.211015090024,5711.211015090024.Table.1.selections.txt,61,G rupe,1054.387314275,1055.044848521,20,2000,8192,4096,2048,5711.211015090024_seg0_call_61.npy,G rupe
5711.211015090024,5711.211015090024.Table.1.selections.txt,62,G rupe,1072.81758918,1073.566447627,20,2000,8192,4096,2048,5711.211015090024_seg0_call_62.npy,G rupe
5711.211015090024,5711.211015090024.Table.1.selections.txt,63,G rupe,1075.986538592,1076.525351378,20,2000,8192,4096,2048,5711.211015090024_seg0_call_63.npy,G rupe
5711.211015090024,5711.211015090024.Table.1.selections.txt,64,G rupe,1076.543616218,1077.310739505,20,2000,8192,4096,2048,5711.211015090024_seg0_call_64.npy,G rupe
5711.211015090024,5711.211015090024.Table.1.selections.txt,65,G rupe,1094.496439104,1095.227032711,20,2000,8192,4096,2048,5711.211015090024_seg0_call_65.npy,G rupe
5711.211015090024,5711.211015090024.Table.1.selections.txt,66,G rupe,1116.51076628,1117.131770846,20,2000,8192,4096,2048,5711.211015090024_seg0_call_66.npy,G rupe
5711.211015090024,5711.211015090024.Table.1.selections.txt,67,G rupe,1155.607037709,1156.264571956,20,2000,8192,4096,2048,5711.211015090024_seg0_call_67.npy,G rupe
5711.211015090024,5711.211015090024.Table.1.selections.txt,68,G rupe,1159.898429922,1160.473772388,20,2000,8192,4096,2048,5711.211015090024_seg0_call_68.npy,G rupe
5711.211015090024,5711.211015090024.Table.1.selections.txt,69,G rupe,1170.190842452,1170.839244279,20,2000,8192,4096,2048,5711.211015090024_seg0_call_69.npy,G rupe
5711.211015090024,5711.211015090024.Table.1.selections.txt,0,no-call,766.6701736438089,767.6701736438089,20,2000,8192,4096,2048,5711.211015090024_seg0_nocall_0.npy,no-call
5711.211015090024,5711.211015090024.Table.1.selections.txt,1,no-call,29.98779546895677,30.98779546895677,20,2000,8192,4096,2048,5711.211015090024_seg0_nocall_1.npy,no-call
5711.211015090024,5711.211015090024.Table.1.selections.txt,2,no-call,329.75905260730053,330.75905260730053,20,2000,8192,4096,2048,5711.211015090024_seg0_nocall_2.npy,no-call
5711.211015190024,5711.211015190024.Table.1.selections.txt,0,G rupe,5.889650089,6.350837304,20,2000,8192,4096,2048,5711.211015190024_seg0_call_0.npy,G rupe
5711.211015190024,5711.211015190024.Table.1.selections.txt,1,G rupe,27.573252104,28.034439319,20,2000,8192,4096,2048,5711.211015190024_seg0_call_1.npy,G rupe
5711.211015190024,5711.211015190024.Table.1.selections.txt,2,G rupe,44.029300635,44.348935338,20,2000,8192,4096,2048,5711.211015190024_seg0_call_2.npy,G rupe
5711.211015190024,5711.211015190024.Table.1.selections.txt,3,G rupe,44.45852438,45.052131685,20,2000,8192,4096,2048,5711.211015190024_seg0_call_3.npy,G rupe
5711.211015190024,5711.211015190024.Table.1.selections.txt,4,G rupe,53.929417812,54.363207766,20,2000,8192,4096,2048,5711.211015190024_seg0_call_4.npy,G rupe
5711.211015190024,5711.211015190024.Table.1.selections.txt,5,G rupe,77.067168871,77.647077546,20,2000,8192,4096,2048,5711.211015190024_seg0_call_5.npy,G rupe
5711.211015190024,5711.211015190024.Table.1.selections.txt,6,G rupe,81.187603668,81.653357092,20,2000,8192,4096,2048,5711.211015190024_seg0_call_6.npy,G rupe
5711.211015190024,5711.211015190024.Table.1.selections.txt,7,G rupe,92.416096151,92.982306197,20,2000,8192,4096,2048,5711.211015190024_seg0_call_7.npy,G rupe
5711.211015190024,5711.211015190024.Table.1.selections.txt,8,G rupe,93.908863998,94.013886829,20,2000,8192,4096,2048,5711.211015190024_seg0_call_8.npy,G rupe
5711.211015190024,5711.211015190024.Table.1.selections.txt,9,G rupe,95.685119705,96.333521532,20,2000,8192,4096,2048,5711.211015190024_seg0_call_9.npy,G rupe
5711.211015190024,5711.211015190024.Table.1.selections.txt,10,G rupe,96.881466737,97.443110573,20,2000,8192,4096,2048,5711.211015190024_seg0_call_10.npy,G rupe
5711.211015190024,5711.211015190024.Table.1.selections.txt,11,G rupe,98.041275472,98.666846249,20,2000,8192,4096,2048,5711.211015190024_seg0_call_11.npy,G rupe
5711.211015190024,5711.211015190024.Table.1.selections.txt,12,G rupe,99.077805153,99.630316568,20,2000,8192,4096,2048,5711.211015190024_seg0_call_12.npy,G rupe
5711.211015190024,5711.211015190024.Table.1.selections.txt,13,G rupe,104.626341751,104.722232162,20,2000,8192,4096,2048,5711.211015190024_seg0_call_13.npy,G rupe
5711.211015190024,5711.211015190024.Table.1.selections.txt,14,G rupe,104.128624856,104.256478737,20,2000,8192,4096,2048,5711.211015190024_seg0_call_14.npy,G rupe
5711.211015190024,5711.211015190024.Table.1.selections.txt,15,G rupe,106.028165673,106.493919098,20,2000,8192,4096,2048,5711.211015190024_seg0_call_15.npy,G rupe
5711.211015190024,5711.211015190024.Table.1.selections.txt,16,G rupe,118.019217796,118.941592225,20,2000,8192,4096,2048,5711.211015190024_seg0_call_16.npy,G rupe
5711.211015190024,5711.211015190024.Table.1.selections.txt,17,G rupe,119.169902727,119.352551129,20,2000,8192,4096,2048,5711.211015190024_seg0_call_17.npy,G rupe
5711.211015190024,5711.211015190024.Table.1.selections.txt,18,G rupe,119.955290855,120.608258892,20,2000,8192,4096,2048,5711.211015190024_seg0_call_18.npy,G rupe
5711.211015190024,5711.211015190024.Table.1.selections.txt,19,G rupe,141.59037597,142.211380536,20,2000,8192,4096,2048,5711.211015190024_seg0_call_19.npy,G rupe
5711.211015190024,5711.211015190024.Table.1.selections.txt,20,G rupe,147.208144823,147.641934778,20,2000,8192,4096,2048,5711.211015190024_seg0_call_20.npy,G rupe
5711.211015190024,5711.211015190024.Table.1.selections.txt,21,G rupe,154.389653687,154.882804372,20,2000,8192,4096,2048,5711.211015190024_seg0_call_21.npy,G rupe
5711.211015190024,5711.211015190024.Table.1.selections.txt,22,G rupe,158.612650258,159.137764413,20,2000,8192,4096,2048,5711.211015190024_seg0_call_22.npy,G rupe
5711.211015190024,5711.211015190024.Table.1.selections.txt,23,G rupe,160.804425724,161.352370929,20,2000,8192,4096,2048,5711.211015190024_seg0_call_23.npy,G rupe
5711.211015190024,5711.211015190024.Table.1.selections.txt,24,G rupe,167.460433972,167.976415707,20,2000,8192,4096,2048,5711.211015190024_seg0_call_24.npy,G rupe
5711.211015190024,5711.211015190024.Table.1.selections.txt,25,G rupe,168.611118903,169.28691799,20,2000,8192,4096,2048,5711.211015190024_seg0_call_25.npy,G rupe
5711.211015190024,5711.211015190024.Table.1.selections.txt,26,G rupe,175.726212835,176.306121511,20,2000,8192,4096,2048,5711.211015190024_seg0_call_26.npy,G rupe
5711.211015190024,5711.211015190024.Table.1.selections.txt,27,G rupe,176.776441145,177.287856671,20,2000,8192,4096,2048,5711.211015190024_seg0_call_27.npy,G rupe
5711.211015190024,5711.211015190024.Table.1.selections.txt,28,G rupe,185.699398351,186.000768214,20,2000,8192,4096,2048,5711.211015190024_seg0_call_28.npy,G rupe
5711.211015190024,5711.211015190024.Table.1.selections.txt,29,G rupe,188.582755108,189.354444606,20,2000,8192,4096,2048,5711.211015190024_seg0_call_29.npy,G rupe
5711.211015190024,5711.211015190024.Table.1.selections.txt,30,G rupe,186.49143151,187.290518268,20,2000,8192,4096,2048,5711.211015190024_seg0_call_30.npy,G rupe
5711.211015190024,5711.211015190024.Table.1.selections.txt,31,G rupe,198.70872173,199.252100725,20,2000,8192,4096,2048,5711.211015190024_seg0_call_31.npy,G rupe
5711.211015190024,5711.211015190024.Table.1.selections.txt,32,G rupe,201.90962752,201.996385511,20,2000,8192,4096,2048,5711.211015190024_seg0_call_32.npy,G rupe
5711.211015190024,5711.211015190024.Table.1.selections.txt,33,G rupe,202.379947155,202.521499666,20,2000,8192,4096,2048,5711.211015190024_seg0_call_33.npy,G rupe
5711.211015190024,5711.211015190024.Table.1.selections.txt,34,G rupe,201.379947155,201.457572725,20,2000,8192,4096,2048,5711.211015190024_seg0_call_34.npy,G rupe
5711.211015190024,5711.211015190024.Table.1.selections.txt,35,G rupe,220.333343927,221.082202375,20,2000,8192,4096,2048,5711.211015190024_seg0_call_35.npy,G rupe
5711.211015190024,5711.211015190024.Table.1.selections.txt,36,G rupe,218.205490046,218.762567672,20,2000,8192,4096,2048,5711.211015190024_seg0_call_36.npy,G rupe
5711.211015190024,5711.211015190024.Table.1.selections.txt,37,G rupe,223.33257825,223.821162725,20,2000,8192,4096,2048,5711.211015190024_seg0_call_37.npy,G rupe
5711.211015190024,5711.211015190024.Table.1.selections.txt,38,G rupe,224.172760898,224.693308843,20,2000,8192,4096,2048,5711.211015190024_seg0_call_38.npy,G rupe
5711.211015190024,5711.211015190024.Table.1.selections.txt,39,G rupe,228.98270239,229.658501477,20,2000,8192,4096,2048,5711.211015190024_seg0_call_39.npy,G rupe
5711.211015190024,5711.211015190024.Table.1.selections.txt,40,G rupe,241.511791383,242.315444351,20,2000,8192,4096,2048,5711.211015190024_seg0_call_40.npy,G rupe
5711.211015190024,5711.211015190024.Table.1.selections.txt,41,G rupe,245.773786368,246.326297784,20,2000,8192,4096,2048,5711.211015190024_seg0_call_41.npy,G rupe
5711.211015190024,5711.211015190024.Table.1.selections.txt,42,G rupe,248.95186856,249.467850295,20,2000,8192,4096,2048,5711.211015190024_seg0_call_42.npy,G rupe
5711.211015190024,5711.211015190024.Table.1.selections.txt,43,G rupe,257.566419657,258.114364862,20,2000,8192,4096,2048,5711.211015190024_seg0_call_43.npy,G rupe
5711.211015190024,5711.211015190024.Table.1.selections.txt,44,G rupe,263.574412539,263.68400158,20,2000,8192,4096,2048,5711.211015190024_seg0_call_44.npy,G rupe
5711.211015190024,5711.211015190024.Table.1.selections.txt,45,G rupe,264.062997013,264.186284685,20,2000,8192,4096,2048,5711.211015190024_seg0_call_45.npy,G rupe
5711.211015190024,5711.211015190024.Table.1.selections.txt,46,G rupe,264.441992447,264.930576922,20,2000,8192,4096,2048,5711.211015190024_seg0_call_46.npy,G rupe
5711.211015190024,5711.211015190024.Table.1.selections.txt,47,G rupe,269.224144862,269.726427967,20,2000,8192,4096,2048,5711.211015190024_seg0_call_47.npy,G rupe
5711.211015190024,5711.211015190024.Table.1.selections.txt,48,G rupe,274.894612062,275.387762747,20,2000,8192,4096,2048,5711.211015190024_seg0_call_48.npy,G rupe
5711.211015190024,5711.211015190024.Table.1.selections.txt,49,G rupe,280.336394898,281.071554715,20,2000,8192,4096,2048,5711.211015190024_seg0_call_49.npy,G rupe
5711.211015190024,5711.211015190024.Table.1.selections.txt,50,G rupe,290.875772503,291.419151499,20,2000,8192,4096,2048,5711.211015190024_seg0_call_50.npy,G rupe
5711.211015190024,5711.211015190024.Table.1.selections.txt,51,G rupe,340.641545497,341.244285223,20,2000,8192,4096,2048,5711.211015190024_seg0_call_51.npy,G rupe
5711.211015190024,5711.211015190024.Table.1.selections.txt,52,G rupe,348.08546042,348.542081425,20,2000,8192,4096,2048,5711.211015190024_seg0_call_52.npy,G rupe
5711.211015190024,5711.211015190024.Table.1.selections.txt,53,,366.109794971,366.895183099,20,2000,8192,4096,2048,5711.211015190024_seg0_call_53.npy,
5711.211015190024,5711.211015190024.Table.1.selections.txt,54,G rupe,370.889869167,371.405850902,20,2000,8192,4096,2048,5711.211015190024_seg0_call_54.npy,G rupe
5711.211015190024,5711.211015190024.Table.1.selections.txt,55,G rupe,386.243754475,386.855626621,20,2000,8192,4096,2048,5711.211015190024_seg0_call_55.npy,G rupe
5711.211015190024,5711.211015190024.Table.1.selections.txt,56,G rupe,400.795691172,401.261444597,20,2000,8192,4096,2048,5711.211015190024_seg0_call_56.npy,G rupe
5711.211015190024,5711.211015190024.Table.1.selections.txt,57,G rupe,408.769214637,409.244100481,20,2000,8192,4096,2048,5711.211015190024_seg0_call_57.npy,G rupe
5711.211015190024,5711.211015190024.Table.1.selections.txt,58,G rupe,417.763117072,418.279098807,20,2000,8192,4096,2048,5711.211015190024_seg0_call_58.npy,G rupe
5711.211015190024,5711.211015190024.Table.1.selections.txt,59,G rupe,440.088109676,440.53559826,20,2000,8192,4096,2048,5711.211015190024_seg0_call_59.npy,G rupe
5711.211015190024,5711.211015190024.Table.1.selections.txt,60,G rupe,459.238219889,459.777032675,20,2000,8192,4096,2048,5711.211015190024_seg0_call_60.npy,G rupe
5711.211015190024,5711.211015190024.Table.1.selections.txt,61,G rupe,461.739755273,462.228339748,20,2000,8192,4096,2048,5711.211015190024_seg0_call_61.npy,G rupe
5711.211015190024,5711.211015190024.Table.1.selections.txt,62,G rupe,477.31240889,477.549851812,20,2000,8192,4096,2048,5711.211015190024_seg0_call_62.npy,G rupe
5711.211015190024,5711.211015190024.Table.1.selections.txt,63,G rupe,478.32154131,478.874052726,20,2000,8192,4096,2048,5711.211015190024_seg0_call_63.npy,G rupe
5711.211015190024,5711.211015190024.Table.1.selections.txt,64,G rupe,486.797383791,487.61473539,20,2000,8192,4096,2048,5711.211015190024_seg0_call_64.npy,G rupe
5711.211015190024,5711.211015190024.Table.1.selections.txt,65,G rupe,488.833913472,489.27226139,20,2000,8192,4096,2048,5711.211015190024_seg0_call_65.npy,G rupe
5711.211015190024,5711.211015190024.Table.1.selections.txt,66,G rupe,500.331465421,500.925072727,20,2000,8192,4096,2048,5711.211015190024_seg0_call_66.npy,G rupe
5711.211015190024,5711.211015190024.Table.1.selections.txt,67,G rupe,505.088705677,505.399207961,20,2000,8192,4096,2048,5711.211015190024_seg0_call_67.npy,G rupe
5711.211015190024,5711.211015190024.Table.1.selections.txt,68,G rupe,506.718435781,507.252682356,20,2000,8192,4096,2048,5711.211015190024_seg0_call_68.npy,G rupe
5711.211015190024,5711.211015190024.Table.1.selections.txt,69,G rupe,507.371403818,507.709303361,20,2000,8192,4096,2048,5711.211015190024_seg0_call_69.npy,G rupe
5711.211015190024,5711.211015190024.Table.1.selections.txt,70,G rupe,527.297395878,527.840774873,20,2000,8192,4096,2048,5711.211015190024_seg0_call_70.npy,G rupe
5711.211015190024,5711.211015190024.Table.1.selections.txt,71,G rupe,539.413802351,539.884121986,20,2000,8192,4096,2048,5711.211015190024_seg0_call_71.npy,G rupe
5711.211015190024,5711.211015190024.Table.1.selections.txt,72,G rupe,550.058256655,550.51944387,20,2000,8192,4096,2048,5711.211015190024_seg0_call_72.npy,G rupe
5711.211015190024,5711.211015190024.Table.1.selections.txt,73,G rupe,553.895577452,554.493377191,20,2000,8192,4096,2048,5711.211015190024_seg0_call_73.npy,G rupe
5711.211015190024,5711.211015190024.Table.1.selections.txt,74,G rupe,557.342318315,557.84003521,20,2000,8192,4096,2048,5711.211015190024_seg0_call_74.npy,G rupe
5711.211015190024,5711.211015190024.Table.1.selections.txt,75,G rupe,559.680217858,560.419943885,20,2000,8192,4096,2048,5711.211015190024_seg0_call_75.npy,G rupe
5711.211015190024,5711.211015190024.Table.1.selections.txt,76,G rupe,579.190275032,580.01219284,20,2000,8192,4096,2048,5711.211015190024_seg0_call_76.npy,G rupe
5711.211015190024,5711.211015190024.Table.1.selections.txt,77,G rupe,620.987090771,621.484807666,20,2000,8192,4096,2048,5711.211015190024_seg0_call_77.npy,G rupe
5711.211015190024,5711.211015190024.Table.1.selections.txt,78,G rupe,623.673690724,624.376887071,20,2000,8192,4096,2048,5711.211015190024_seg0_call_78.npy,G rupe
5711.211015190024,5711.211015190024.Table.1.selections.txt,79,G rupe,640.874029248,641.581791805,20,2000,8192,4096,2048,5711.211015190024_seg0_call_79.npy,G rupe
5711.211015190024,5711.211015190024.Table.1.selections.txt,80,G rupe,658.565102289,659.227202746,20,2000,8192,4096,2048,5711.211015190024_seg0_call_80.npy,G rupe
5711.211015190024,5711.211015190024.Table.1.selections.txt,81,G rupe,678.972588711,679.652954008,20,2000,8192,4096,2048,5711.211015190024_seg0_call_81.npy,G rupe
5711.211015190024,5711.211015190024.Table.1.selections.txt,82,G rupe,685.396160575,685.87561263,20,2000,8192,4096,2048,5711.211015190024_seg0_call_82.npy,G rupe
5711.211015190024,5711.211015190024.Table.1.selections.txt,83,G rupe,700.416748461,701.133643439,20,2000,8192,4096,2048,5711.211015190024_seg0_call_83.npy,G rupe
5711.211015190024,5711.211015190024.Table.1.selections.txt,84,G rupe,701.731335358,702.169691522,20,2000,8192,4096,2048,5711.211015190024_seg0_call_84.npy,G rupe
5711.211015190024,5711.211015190024.Table.1.selections.txt,85,G rupe,704.879194349,705.536728596,20,2000,8192,4096,2048,5711.211015190024_seg0_call_85.npy,G rupe
5711.211015190024,5711.211015190024.Table.1.selections.txt,86,G rupe,707.705337063,708.303510579,20,2000,8192,4096,2048,5711.211015190024_seg0_call_86.npy,G rupe
5711.211015190024,5711.211015190024.Table.1.selections.txt,87,G rupe,710.382807952,710.830296536,20,2000,8192,4096,2048,5711.211015190024_seg0_call_87.npy,G rupe
5711.211015190024,5711.211015190024.Table.1.selections.txt,88,G rupe,715.712905572,716.265416988,20,2000,8192,4096,2048,5711.211015190024_seg0_call_88.npy,G rupe
5711.211015190024,5711.211015190024.Table.1.selections.txt,89,G rupe,726.332414696,726.839264011,20,2000,8192,4096,2048,5711.211015190024_seg0_call_89.npy,G rupe
5711.211015190024,5711.211015190024.Table.1.selections.txt,90,G rupe,724.451136157,724.524195518,20,2000,8192,4096,2048,5711.211015190024_seg0_call_90.npy,G rupe
5711.211015190024,5711.211015190024.Table.1.selections.txt,91,G rupe,728.149766294,728.921455792,20,2000,8192,4096,2048,5711.211015190024_seg0_call_91.npy,G rupe
5711.211015190024,5711.211015190024.Table.1.selections.txt,92,G rupe,733.942791399,734.568362175,20,2000,8192,4096,2048,5711.211015190024_seg0_call_92.npy,G rupe
5711.211015190024,5711.211015190024.Table.1.selections.txt,93,G rupe,734.915394139,735.572928385,20,2000,8192,4096,2048,5711.211015190024_seg0_call_93.npy,G rupe
5711.211015190024,5711.211015190024.Table.1.selections.txt,94,G rupe,736.700782267,737.390279983,20,2000,8192,4096,2048,5711.211015190024_seg0_call_94.npy,G rupe
5711.211015190024,5711.211015190024.Table.1.selections.txt,95,G rupe,746.56645696,747.306182987,20,2000,8192,4096,2048,5711.211015190024_seg0_call_95.npy,G rupe
5711.211015190024,5711.211015190024.Table.1.selections.txt,96,G rupe,762.515653931,763.122959867,20,2000,8192,4096,2048,5711.211015190024_seg0_call_96.npy,G rupe
5711.211015190024,5711.211015190024.Table.1.selections.txt,97,G rupe,767.336824018,768.044586575,20,2000,8192,4096,2048,5711.211015190024_seg0_call_97.npy,G rupe
5711.211015190024,5711.211015190024.Table.1.selections.txt,98,G rupe,782.754262405,783.27481035,20,2000,8192,4096,2048,5711.211015190024_seg0_call_98.npy,G rupe
5711.211015190024,5711.211015190024.Table.1.selections.txt,99,G rupe,787.673329298,788.175612403,20,2000,8192,4096,2048,5711.211015190024_seg0_call_99.npy,G rupe
5711.211015190024,5711.211015190024.Table.1.selections.txt,100,G rupe,790.828242491,791.083950253,20,2000,8192,4096,2048,5711.211015190024_seg0_call_100.npy,G rupe
5711.211015190024,5711.211015190024.Table.1.selections.txt,101,G rupe,791.440114637,792.047420573,20,2000,8192,4096,2048,5711.211015190024_seg0_call_101.npy,G rupe
5711.211015190024,5711.211015190024.Table.1.selections.txt,102,G rupe,803.024762526,803.645767092,20,2000,8192,4096,2048,5711.211015190024_seg0_call_102.npy,G rupe
5711.211015190024,5711.211015190024.Table.1.selections.txt,103,,807.71559237,808.423354927,20,2000,8192,4096,2048,5711.211015190024_seg0_call_103.npy,
5711.211015190024,5711.211015190024.Table.1.selections.txt,104,G rupe,811.551202891,812.067184626,20,2000,8192,4096,2048,5711.211015190024_seg0_call_104.npy,G rupe
5711.211015190024,5711.211015190024.Table.1.selections.txt,105,G rupe,813.513929777,813.605253978,20,2000,8192,4096,2048,5711.211015190024_seg0_call_105.npy,G rupe
5711.211015190024,5711.211015190024.Table.1.selections.txt,106,G rupe,813.906623841,814.007080462,20,2000,8192,4096,2048,5711.211015190024_seg0_call_106.npy,G rupe
5711.211015190024,5711.211015190024.Table.1.selections.txt,107,G rupe,816.216716351,816.632241465,20,2000,8192,4096,2048,5711.211015190024_seg0_call_107.npy,G rupe
5711.211015190024,5711.211015190024.Table.1.selections.txt,108,G rupe,820.321063285,820.86900849,20,2000,8192,4096,2048,5711.211015190024_seg0_call_108.npy,G rupe
5711.211015190024,5711.211015190024.Table.1.selections.txt,109,G rupe,823.019283649,823.594626115,20,2000,8192,4096,2048,5711.211015190024_seg0_call_109.npy,G rupe
5711.211015190024,5711.211015190024.Table.1.selections.txt,110,G rupe,823.905128398,824.430242553,20,2000,8192,4096,2048,5711.211015190024_seg0_call_110.npy,G rupe
5711.211015190024,5711.211015190024.Table.1.selections.txt,111,G rupe,827.335682639,827.700979443,20,2000,8192,4096,2048,5711.211015190024_seg0_call_111.npy,G rupe
5711.211015190024,5711.211015190024.Table.1.selections.txt,112,G rupe,837.902475461,838.573708338,20,2000,8192,4096,2048,5711.211015190024_seg0_call_112.npy,G rupe
5711.211015190024,5711.211015190024.Table.1.selections.txt,113,G rupe,838.83398231,839.308868155,20,2000,8192,4096,2048,5711.211015190024_seg0_call_113.npy,G rupe
5711.211015190024,5711.211015190024.Table.1.selections.txt,114,G rupe,845.707387102,846.250766098,20,2000,8192,4096,2048,5711.211015190024_seg0_call_114.npy,G rupe
5711.211015190024,5711.211015190024.Table.1.selections.txt,115,G rupe,858.513287005,859.134291571,20,2000,8192,4096,2048,5711.211015190024_seg0_call_115.npy,G rupe
5711.211015190024,5711.211015190024.Table.1.selections.txt,116,G rupe,859.262145453,859.910547279,20,2000,8192,4096,2048,5711.211015190024_seg0_call_116.npy,G rupe
5711.211015190024,5711.211015190024.Table.1.selections.txt,117,G rupe,874.779778623,875.396216979,20,2000,8192,4096,2048,5711.211015190024_seg0_call_117.npy,G rupe
5711.211015190024,5711.211015190024.Table.1.selections.txt,118,G rupe,883.490541193,884.043052608,20,2000,8192,4096,2048,5711.211015190024_seg0_call_118.npy,G rupe
5711.211015190024,5711.211015190024.Table.1.selections.txt,119,G rupe,888.16807948,888.569905964,20,2000,8192,4096,2048,5711.211015190024_seg0_call_119.npy,G rupe
5711.211015190024,5711.211015190024.Table.1.selections.txt,120,G rupe,908.169173208,908.251364989,20,2000,8192,4096,2048,5711.211015190024_seg0_call_120.npy,G rupe
5711.211015190024,5711.211015190024.Table.1.selections.txt,121,G rupe,913.547349097,914.122691563,20,2000,8192,4096,2048,5711.211015190024_seg0_call_121.npy,G rupe
5711.211015190024,5711.211015190024.Table.1.selections.txt,122,G rupe,928.553900404,929.079014559,20,2000,8192,4096,2048,5711.211015190024_seg0_call_122.npy,G rupe
5711.211015190024,5711.211015190024.Table.1.selections.txt,123,G rupe,932.181139626,932.820409033,20,2000,8192,4096,2048,5711.211015190024_seg0_call_123.npy,G rupe
5711.211015190024,5711.211015190024.Table.1.selections.txt,124,G rupe,943.101680664,943.435013997,20,2000,8192,4096,2048,5711.211015190024_seg0_call_124.npy,G rupe
5711.211015190024,5711.211015190024.Table.1.selections.txt,125,G rupe,949.628125316,950.208033992,20,2000,8192,4096,2048,5711.211015190024_seg0_call_125.npy,G rupe
5711.211015190024,5711.211015190024.Table.1.selections.txt,126,G rupe,951.956482667,952.577487233,20,2000,8192,4096,2048,5711.211015190024_seg0_call_126.npy,G rupe
5711.211015190024,5711.211015190024.Table.1.selections.txt,127,G rupe,968.257205988,969.088256216,20,2000,8192,4096,2048,5711.211015190024_seg0_call_127.npy,G rupe
5711.211015190024,5711.211015190024.Table.1.selections.txt,128,G rupe,969.832548454,970.503781331,20,2000,8192,4096,2048,5711.211015190024_seg0_call_128.npy,G rupe
5711.211015190024,5711.211015190024.Table.1.selections.txt,129,G rupe,973.167284108,973.683265844,20,2000,8192,4096,2048,5711.211015190024_seg0_call_129.npy,G rupe
5711.211015190024,5711.211015190024.Table.1.selections.txt,130,G rupe,980.490327528,980.951514742,20,2000,8192,4096,2048,5711.211015190024_seg0_call_130.npy,G rupe
5711.211015190024,5711.211015190024.Table.1.selections.txt,131,G rupe,993.490500531,994.074975417,20,2000,8192,4096,2048,5711.211015190024_seg0_call_131.npy,G rupe
5711.211015190024,5711.211015190024.Table.1.selections.txt,132,G rupe,1005.897064365,1005.997520986,20,2000,8192,4096,2048,5711.211015190024_seg0_call_132.npy,G rupe
5711.211015190024,5711.211015190024.Table.1.selections.txt,133,G rupe,1061.335510332,1061.906286587,20,2000,8192,4096,2048,5711.211015190024_seg0_call_133.npy,G rupe
5711.211015190024,5711.211015190024.Table.1.selections.txt,134,G rupe,1060.362907592,1060.956514898,20,2000,8192,4096,2048,5711.211015190024_seg0_call_134.npy,G rupe
5711.211015190024,5711.211015190024.Table.1.selections.txt,135,G rupe,1096.83381806,1097.381763266,20,2000,8192,4096,2048,5711.211015190024_seg0_call_135.npy,G rupe
5711.211015190024,5711.211015190024.Table.1.selections.txt,136,G rupe,1106.172638328,1106.816473945,20,2000,8192,4096,2048,5711.211015190024_seg0_call_136.npy,G rupe
5711.211015190024,5711.211015190024.Table.1.selections.txt,137,G rupe,1156.472603597,1157.143836474,20,2000,8192,4096,2048,5711.211015190024_seg0_call_137.npy,G rupe
5711.211015190024,5711.211015190024.Table.1.selections.txt,138,G rupe,1165.829031196,1166.335880511,20,2000,8192,4096,2048,5711.211015190024_seg0_call_138.npy,G rupe
5711.211015190024,5711.211015190024.Table.1.selections.txt,139,G rupe,1181.16212776,1181.646146025,20,2000,8192,4096,2048,5711.211015190024_seg0_call_139.npy,G rupe
5711.211015190024,5711.211015190024.Table.1.selections.txt,140,G rupe,1182.175826391,1182.787698537,20,2000,8192,4096,2048,5711.211015190024_seg0_call_140.npy,G rupe
5711.211015190024,5711.211015190024.Table.1.selections.txt,141,G rupe,1187.658758985,1188.17474072,20,2000,8192,4096,2048,5711.211015190024_seg0_call_141.npy,G rupe
5711.211015190024,5711.211015190024.Table.1.selections.txt,142,G rupe,1199.241667099,1199.931164816,20,2000,8192,4096,2048,5711.211015190024_seg0_call_142.npy,G rupe
5711.211015190024,5711.211015190024.Table.1.selections.txt,0,no-call,29.987983049620937,30.987983049620937,20,2000,8192,4096,2048,5711.211015190024_seg0_nocall_0.npy,no-call
5711.211015190024,5711.211015190024.Table.1.selections.txt,1,no-call,329.7611153271883,330.7611153271883,20,2000,8192,4096,2048,5711.211015190024_seg0_nocall_1.npy,no-call
5711.211015190024,5711.211015190024.Table.1.selections.txt,2,no-call,267.630456278022,268.630456278022,20,2000,8192,4096,2048,5711.211015190024_seg0_nocall_2.npy,no-call
5711.211015200024,5711.211015200024.Table.1.selections.txt,0,G rupe,62.60700132,63.269101777,20,2000,8192,4096,2048,5711.211015200024_seg0_call_0.npy,G rupe
5711.211015200024,5711.211015200024.Table.1.selections.txt,1,G rupe,76.030199403,76.463989357,20,2000,8192,4096,2048,5711.211015200024_seg0_call_1.npy,G rupe
5711.211015200024,5711.211015200024.Table.1.selections.txt,2,G rupe,83.510554787,84.076764832,20,2000,8192,4096,2048,5711.211015200024_seg0_call_2.npy,G rupe
5711.211015200024,5711.211015200024.Table.1.selections.txt,3,G rupe,99.631087029,100.137936344,20,2000,8192,4096,2048,5711.211015200024_seg0_call_3.npy,G rupe
5711.211015200024,5711.211015200024.Table.1.selections.txt,4,G rupe,103.288613231,103.841124646,20,2000,8192,4096,2048,5711.211015200024_seg0_call_4.npy,G rupe
5711.211015200024,5711.211015200024.Table.1.selections.txt,5,G rupe,149.67056833,150.163719015,20,2000,8192,4096,2048,5711.211015200024_seg0_call_5.npy,G rupe
5711.211015200024,5711.211015200024.Table.1.selections.txt,6,G rupe,173.401399448,173.894550133,20,2000,8192,4096,2048,5711.211015200024_seg0_call_6.npy,G rupe
5711.211015200024,5711.211015200024.Table.1.selections.txt,7,G rupe,198.018075315,198.671043352,20,2000,8192,4096,2048,5711.211015200024_seg0_call_7.npy,G rupe
5711.211015200024,5711.211015200024.Table.1.selections.txt,8,G rupe,203.309538781,203.720497685,20,2000,8192,4096,2048,5711.211015200024_seg0_call_8.npy,G rupe
5711.211015200024,5711.211015200024.Table.1.selections.txt,9,G rupe,210.451984025,210.872075349,20,2000,8192,4096,2048,5711.211015200024_seg0_call_9.npy,G rupe
5711.211015200024,5711.211015200024.Table.1.selections.txt,10,G rupe,221.922809404,222.58947607,20,2000,8192,4096,2048,5711.211015200024_seg0_call_10.npy,G rupe
5711.211015200024,5711.211015200024.Table.1.selections.txt,11,G rupe,229.69540959,230.170295435,20,2000,8192,4096,2048,5711.211015200024_seg0_call_11.npy,G rupe
5711.211015200024,5711.211015200024.Table.1.selections.txt,12,G rupe,234.101010351,234.178635922,20,2000,8192,4096,2048,5711.211015200024_seg0_call_12.npy,G rupe
5711.211015200024,5711.211015200024.Table.1.selections.txt,13,G rupe,239.529056184,240.05873655,20,2000,8192,4096,2048,5711.211015200024_seg0_call_13.npy,G rupe
5711.211015200024,5711.211015200024.Table.1.selections.txt,14,G rupe,248.703481843,249.219463579,20,2000,8192,4096,2048,5711.211015200024_seg0_call_14.npy,G rupe
5711.211015200024,5711.211015200024.Table.1.selections.txt,15,G rupe,248.032248967,248.479737551,20,2000,8192,4096,2048,5711.211015200024_seg0_call_15.npy,G rupe
5711.211015200024,5711.211015200024.Table.1.selections.txt,16,G rupe,255.56531662,256.51965452,20,2000,8192,4096,2048,5711.211015200024_seg0_call_16.npy,G rupe
5711.211015200024,5711.211015200024.Table.1.selections.txt,17,G rupe,257.43250954,258.007852006,20,2000,8192,4096,2048,5711.211015200024_seg0_call_17.npy,G rupe
5711.211015200024,5711.211015200024.Table.1.selections.txt,18,G rupe,302.276435743,302.778718848,20,2000,8192,4096,2048,5711.211015200024_seg0_call_18.npy,G rupe
5711.211015200024,5711.211015200024.Table.1.selections.txt,19,G rupe,313.920372159,314.390691793,20,2000,8192,4096,2048,5711.211015200024_seg0_call_19.npy,G rupe
5711.211015200024,5711.211015200024.Table.1.selections.txt,20,G rupe,325.683065947,326.208180103,20,2000,8192,4096,2048,5711.211015200024_seg0_call_20.npy,G rupe
5711.211015200024,5711.211015200024.Table.1.selections.txt,21,G rupe,326.500417546,327.048362751,20,2000,8192,4096,2048,5711.211015200024_seg0_call_21.npy,G rupe
5711.211015200024,5711.211015200024.Table.1.selections.txt,22,G rupe,340.431638206,340.956752361,20,2000,8192,4096,2048,5711.211015200024_seg0_call_22.npy,G rupe
5711.211015200024,5711.211015200024.Table.1.selections.txt,23,G rupe,342.171364233,342.764971539,20,2000,8192,4096,2048,5711.211015200024_seg0_call_23.npy,G rupe
5711.211015200024,5711.211015200024.Table.1.selections.txt,24,G rupe,352.087201597,352.717338583,20,2000,8192,4096,2048,5711.211015200024_seg0_call_24.npy,G rupe
5711.211015200024,5711.211015200024.Table.1.selections.txt,25,G rupe,353.804096574,354.479895661,20,2000,8192,4096,2048,5711.211015200024_seg0_call_25.npy,G rupe
5711.211015200024,5711.211015200024.Table.1.selections.txt,26,G rupe,360.551407067,361.039991542,20,2000,8192,4096,2048,5711.211015200024_seg0_call_26.npy,G rupe
5711.211015200024,5711.211015200024.Table.1.selections.txt,27,G rupe,364.598717922,365.091868606,20,2000,8192,4096,2048,5711.211015200024_seg0_call_27.npy,G rupe
5711.211015200024,5711.211015200024.Table.1.selections.txt,28,G rupe,372.590532102,373.019755846,20,2000,8192,4096,2048,5711.211015200024_seg0_call_28.npy,G rupe
5711.211015200024,5711.211015200024.Table.1.selections.txt,29,G rupe,377.744973354,378.425338651,20,2000,8192,4096,2048,5711.211015200024_seg0_call_29.npy,G rupe
5711.211015200024,5711.211015200024.Table.1.selections.txt,30,G rupe,380.582274459,381.185014185,20,2000,8192,4096,2048,5711.211015200024_seg0_call_30.npy,G rupe
5711.211015200024,5711.211015200024.Table.1.selections.txt,31,G rupe,389.672050705,390.17433381,20,2000,8192,4096,2048,5711.211015200024_seg0_call_31.npy,G rupe
5711.211015200024,5711.211015200024.Table.1.selections.txt,32,G rupe,390.329584951,391.521365773,20,2000,8192,4096,2048,5711.211015200024_seg0_call_32.npy,G rupe
5711.211015200024,5711.211015200024.Table.1.selections.txt,33,G rupe,399.503588721,399.960209726,20,2000,8192,4096,2048,5711.211015200024_seg0_call_33.npy,G rupe
5711.211015200024,5711.211015200024.Table.1.selections.txt,34,G rupe,404.861086694,405.46839263,20,2000,8192,4096,2048,5711.211015200024_seg0_call_34.npy,G rupe
5711.211015200024,5711.211015200024.Table.1.selections.txt,35,G rupe,410.104744581,410.625292526,20,2000,8192,4096,2048,5711.211015200024_seg0_call_35.npy,G rupe
5711.211015200024,5711.211015200024.Table.1.selections.txt,36,G rupe,427.820615303,428.52837786,20,2000,8192,4096,2048,5711.211015200024_seg0_call_36.npy,G rupe
5711.211015200024,5711.211015200024.Table.1.selections.txt,37,G rupe,435.469891906,435.995006062,20,2000,8192,4096,2048,5711.211015200024_seg0_call_37.npy,G rupe
5711.211015200024,5711.211015200024.Table.1.selections.txt,38,G rupe,453.407399354,453.95991077,20,2000,8192,4096,2048,5711.211015200024_seg0_call_38.npy,G rupe
5711.211015200024,5711.211015200024.Table.1.selections.txt,39,G rupe,477.158953956,477.798223362,20,2000,8192,4096,2048,5711.211015200024_seg0_call_39.npy,G rupe
5711.211015200024,5711.211015200024.Table.1.selections.txt,40,G rupe,479.58361149,480.090460805,20,2000,8192,4096,2048,5711.211015200024_seg0_call_40.npy,G rupe
5711.211015200024,5711.211015200024.Table.1.selections.txt,41,G rupe,494.094389749,494.624070114,20,2000,8192,4096,2048,5711.211015200024_seg0_call_41.npy,G rupe
5711.211015200024,5711.211015200024.Table.1.selections.txt,42,G rupe,496.525685148,496.973173733,20,2000,8192,4096,2048,5711.211015200024_seg0_call_42.npy,G rupe
5711.211015200024,5711.211015200024.Table.1.selections.txt,43,G rupe,499.210616655,499.69920113,20,2000,8192,4096,2048,5711.211015200024_seg0_call_43.npy,G rupe
5711.211015200024,5711.211015200024.Table.1.selections.txt,44,G rupe,500.750727118,501.266708853,20,2000,8192,4096,2048,5711.211015200024_seg0_call_44.npy,G rupe
5711.211015200024,5711.211015200024.Table.1.selections.txt,45,G rupe,502.787256798,503.540681456,20,2000,8192,4096,2048,5711.211015200024_seg0_call_45.npy,G rupe
5711.211015200024,5711.211015200024.Table.1.selections.txt,46,G rupe,510.753709461,511.242293936,20,2000,8192,4096,2048,5711.211015200024_seg0_call_46.npy,G rupe
5711.211015200024,5711.211015200024.Table.1.selections.txt,47,G rupe,517.350722011,517.939763107,20,2000,8192,4096,2048,5711.211015200024_seg0_call_47.npy,G rupe
5711.211015200024,5711.211015200024.Table.1.selections.txt,48,G rupe,518.22743434,518.725151235,20,2000,8192,4096,2048,5711.211015200024_seg0_call_48.npy,G rupe
5711.211015200024,5711.211015200024.Table.1.selections.txt,49,G rupe,524.418018284,524.920301389,20,2000,8192,4096,2048,5711.211015200024_seg0_call_49.npy,G rupe
5711.211015200024,5711.211015200024.Table.1.selections.txt,50,G rupe,529.923671015,530.667963252,20,2000,8192,4096,2048,5711.211015200024_seg0_call_50.npy,G rupe
5711.211015200024,5711.211015200024.Table.1.selections.txt,51,G rupe,547.251800578,547.731252633,20,2000,8192,4096,2048,5711.211015200024_seg0_call_51.npy,G rupe
5711.211015200024,5711.211015200024.Table.1.selections.txt,52,G rupe,564.561629683,565.050214158,20,2000,8192,4096,2048,5711.211015200024_seg0_call_52.npy,G rupe
5711.211015200024,5711.211015200024.Table.1.selections.txt,53,G rupe,571.097173936,571.243292657,20,2000,8192,4096,2048,5711.211015200024_seg0_call_53.npy,G rupe
5711.211015200024,5711.211015200024.Table.1.selections.txt,54,G rupe,574.076027552,574.623972757,20,2000,8192,4096,2048,5711.211015200024_seg0_call_54.npy,G rupe
5711.211015200024,5711.211015200024.Table.1.selections.txt,55,G rupe,588.326882915,589.011814422,20,2000,8192,4096,2048,5711.211015200024_seg0_call_55.npy,G rupe
5711.211015200024,5711.211015200024.Table.1.selections.txt,56,G rupe,595.615464837,596.131446572,20,2000,8192,4096,2048,5711.211015200024_seg0_call_56.npy,G rupe
5711.211015200024,5711.211015200024.Table.1.selections.txt,57,G rupe,603.744229407,604.251078722,20,2000,8192,4096,2048,5711.211015200024_seg0_call_57.npy,G rupe
5711.211015200024,5711.211015200024.Table.1.selections.txt,58,G rupe,605.410896073,605.913179178,20,2000,8192,4096,2048,5711.211015200024_seg0_call_58.npy,G rupe
5711.211015200024,5711.211015200024.Table.1.selections.txt,59,G rupe,607.684517599,608.268992485,20,2000,8192,4096,2048,5711.211015200024_seg0_call_59.npy,G rupe
5711.211015200024,5711.211015200024.Table.1.selections.txt,60,G rupe,619.32595946,619.809977725,20,2000,8192,4096,2048,5711.211015200024_seg0_call_60.npy,G rupe
5711.211015200024,5711.211015200024.Table.1.selections.txt,61,G rupe,621.430982291,621.956096446,20,2000,8192,4096,2048,5711.211015200024_seg0_call_61.npy,G rupe
5711.211015200024,5711.211015200024.Table.1.selections.txt,62,G rupe,631.920090466,632.554793662,20,2000,8192,4096,2048,5711.211015200024_seg0_call_62.npy,G rupe
5711.211015200024,5711.211015200024.Table.1.selections.txt,63,G rupe,629.769405534,630.37214526,20,2000,8192,4096,2048,5711.211015200024_seg0_call_63.npy,G rupe
5711.211015200024,5711.211015200024.Table.1.selections.txt,64,G rupe,638.236033736,638.765714101,20,2000,8192,4096,2048,5711.211015200024_seg0_call_64.npy,G rupe
5711.211015200024,5711.211015200024.Table.1.selections.txt,65,G rupe,639.797254671,640.185382525,20,2000,8192,4096,2048,5711.211015200024_seg0_call_65.npy,G rupe
5711.211015200024,5711.211015200024.Table.1.selections.txt,66,G rupe,640.852049191,641.281272936,20,2000,8192,4096,2048,5711.211015200024_seg0_call_66.npy,G rupe
5711.211015200024,5711.211015200024.Table.1.selections.txt,67,G rupe,646.622613635,647.12946295,20,2000,8192,4096,2048,5711.211015200024_seg0_call_67.npy,G rupe
5711.211015200024,5711.211015200024.Table.1.selections.txt,68,G rupe,654.865497544,655.408876539,20,2000,8192,4096,2048,5711.211015200024_seg0_call_68.npy,G rupe
5711.211015200024,5711.211015200024.Table.1.selections.txt,69,G rupe,655.4362738,655.915725855,20,2000,8192,4096,2048,5711.211015200024_seg0_call_69.npy,G rupe
5711.211015200024,5711.211015200024.Table.1.selections.txt,70,G rupe,658.145758553,658.643475448,20,2000,8192,4096,2048,5711.211015200024_seg0_call_70.npy,G rupe
5711.211015200024,5711.211015200024.Table.1.selections.txt,71,G rupe,657.214251703,657.775895539,20,2000,8192,4096,2048,5711.211015200024_seg0_call_71.npy,G rupe
5711.211015200024,5711.211015200024.Table.1.selections.txt,72,G rupe,670.075292929,670.554744983,20,2000,8192,4096,2048,5711.211015200024_seg0_call_72.npy,G rupe
5711.211015200024,5711.211015200024.Table.1.selections.txt,73,G rupe,678.393307854,678.868193698,20,2000,8192,4096,2048,5711.211015200024_seg0_call_73.npy,G rupe
5711.211015200024,5711.211015200024.Table.1.selections.txt,74,G rupe,686.056354911,686.576902856,20,2000,8192,4096,2048,5711.211015200024_seg0_call_74.npy,G rupe
5711.211015200024,5711.211015200024.Table.1.selections.txt,75,G rupe,688.143112901,688.645396006,20,2000,8192,4096,2048,5711.211015200024_seg0_call_75.npy,G rupe
5711.211015200024,5711.211015200024.Table.1.selections.txt,76,G rupe,689.720175945,690.368577771,20,2000,8192,4096,2048,5711.211015200024_seg0_call_76.npy,G rupe
5711.211015200024,5711.211015200024.Table.1.selections.txt,77,G rupe,708.447601819,708.945318714,20,2000,8192,4096,2048,5711.211015200024_seg0_call_77.npy,G rupe
5711.211015200024,5711.211015200024.Table.1.selections.txt,78,G rupe,711.928774452,712.572610068,20,2000,8192,4096,2048,5711.211015200024_seg0_call_78.npy,G rupe
5711.211015200024,5711.211015200024.Table.1.selections.txt,79,G rupe,713.900954291,714.325611825,20,2000,8192,4096,2048,5711.211015200024_seg0_call_79.npy,G rupe
5711.211015200024,5711.211015200024.Table.1.selections.txt,80,G rupe,724.705059136,725.243871921,20,2000,8192,4096,2048,5711.211015200024_seg0_call_80.npy,G rupe
5711.211015200024,5711.211015200024.Table.1.selections.txt,81,G rupe,728.03105245,728.565299025,20,2000,8192,4096,2048,5711.211015200024_seg0_call_81.npy,G rupe
5711.211015200024,5711.211015200024.Table.1.selections.txt,82,G rupe,735.018228597,735.657498003,20,2000,8192,4096,2048,5711.211015200024_seg0_call_82.npy,G rupe
5711.211015200024,5711.211015200024.Table.1.selections.txt,83,G rupe,742.268173271,742.802419847,20,2000,8192,4096,2048,5711.211015200024_seg0_call_83.npy,G rupe
5711.211015200024,5711.211015200024.Table.1.selections.txt,84,G rupe,747.009196976,747.648466383,20,2000,8192,4096,2048,5711.211015200024_seg0_call_84.npy,G rupe
5711.211015200024,5711.211015200024.Table.1.selections.txt,85,G rupe,760.92004523,761.641506417,20,2000,8192,4096,2048,5711.211015200024_seg0_call_85.npy,G rupe
5711.211015200024,5711.211015200024.Table.1.selections.txt,86,G rupe,777.428787745,778.072623362,20,2000,8192,4096,2048,5711.211015200024_seg0_call_86.npy,G rupe
5711.211015200024,5711.211015200024.Table.1.selections.txt,87,G rupe,780.622217322,782.677011842,20,2000,8192,4096,2048,5711.211015200024_seg0_call_87.npy,G rupe
5711.211015200024,5711.211015200024.Table.1.selections.txt,88,G rupe,786.623514999,787.102967054,20,2000,8192,4096,2048,5711.211015200024_seg0_call_88.npy,G rupe
5711.211015200024,5711.211015200024.Table.1.selections.txt,89,G rupe,808.8067879,809.267975115,20,2000,8192,4096,2048,5711.211015200024_seg0_call_89.npy,G rupe
5711.211015200024,5711.211015200024.Table.1.selections.txt,90,G rupe,812.979529905,813.48637922,20,2000,8192,4096,2048,5711.211015200024_seg0_call_90.npy,G rupe
5711.211015200024,5711.211015200024.Table.1.selections.txt,91,G rupe,814.440717119,814.938434014,20,2000,8192,4096,2048,5711.211015200024_seg0_call_91.npy,G rupe
5711.211015200024,5711.211015200024.Table.1.selections.txt,92,G rupe,818.786975105,819.30752305,20,2000,8192,4096,2048,5711.211015200024_seg0_call_92.npy,G rupe
5711.211015200024,5711.211015200024.Table.1.selections.txt,93,G rupe,829.031579592,829.689113839,20,2000,8192,4096,2048,5711.211015200024_seg0_call_93.npy,G rupe
5711.211015200024,5711.211015200024.Table.1.selections.txt,94,G rupe,832.129190581,832.731930307,20,2000,8192,4096,2048,5711.211015200024_seg0_call_94.npy,G rupe
5711.211015200024,5711.211015200024.Table.1.selections.txt,95,G rupe,836.007551664,836.450474039,20,2000,8192,4096,2048,5711.211015200024_seg0_call_95.npy,G rupe
5711.211015200024,5711.211015200024.Table.1.selections.txt,96,G rupe,842.091041122,842.670949798,20,2000,8192,4096,2048,5711.211015200024_seg0_call_96.npy,G rupe
5711.211015200024,5711.211015200024.Table.1.selections.txt,97,G rupe,840.515699466,841.314786224,20,2000,8192,4096,2048,5711.211015200024_seg0_call_97.npy,G rupe
5711.211015200024,5711.211015200024.Table.1.selections.txt,98,G rupe,847.457635604,847.987315969,20,2000,8192,4096,2048,5711.211015200024_seg0_call_98.npy,G rupe
5711.211015200024,5711.211015200024.Table.1.selections.txt,99,G rupe,846.462201814,847.233891311,20,2000,8192,4096,2048,5711.211015200024_seg0_call_99.npy,G rupe
5711.211015200024,5711.211015200024.Table.1.selections.txt,100,G rupe,862.222436959,862.747551114,20,2000,8192,4096,2048,5711.211015200024_seg0_call_100.npy,G rupe
5711.211015200024,5711.211015200024.Table.1.selections.txt,101,G rupe,864.813126809,865.383903065,20,2000,8192,4096,2048,5711.211015200024_seg0_call_101.npy,G rupe
5711.211015200024,5711.211015200024.Table.1.selections.txt,102,G rupe,876.762999298,877.489026695,20,2000,8192,4096,2048,5711.211015200024_seg0_call_102.npy,G rupe
5711.211015200024,5711.211015200024.Table.1.selections.txt,103,G rupe,892.25797136,892.778519306,20,2000,8192,4096,2048,5711.211015200024_seg0_call_103.npy,G rupe
5711.211015200024,5711.211015200024.Table.1.selections.txt,104,G rupe,894.326041611,894.828324716,20,2000,8192,4096,2048,5711.211015200024_seg0_call_104.npy,G rupe
5711.211015200024,5711.211015200024.Table.1.selections.txt,105,G rupe,911.403065827,912.083431124,20,2000,8192,4096,2048,5711.211015200024_seg0_call_105.npy,G rupe
5711.211015200024,5711.211015200024.Table.1.selections.txt,106,G rupe,914.938961157,915.464075312,20,2000,8192,4096,2048,5711.211015200024_seg0_call_106.npy,G rupe
5711.211015200024,5711.211015200024.Table.1.selections.txt,107,G rupe,916.770011385,917.212933759,20,2000,8192,4096,2048,5711.211015200024_seg0_call_107.npy,G rupe
5711.211015200024,5711.211015200024.Table.1.selections.txt,108,G rupe,919.431337864,919.961018229,20,2000,8192,4096,2048,5711.211015200024_seg0_call_108.npy,G rupe
5711.211015200024,5711.211015200024.Table.1.selections.txt,109,G rupe,920.413073024,920.897091289,20,2000,8192,4096,2048,5711.211015200024_seg0_call_109.npy,G rupe
5711.211015200024,5711.211015200024.Table.1.selections.txt,110,G rupe,927.895543334,928.393260229,20,2000,8192,4096,2048,5711.211015200024_seg0_call_110.npy,G rupe
5711.211015200024,5711.211015200024.Table.1.selections.txt,111,G rupe,931.362945513,931.933721769,20,2000,8192,4096,2048,5711.211015200024_seg0_call_111.npy,G rupe
5711.211015200024,5711.211015200024.Table.1.selections.txt,112,G rupe,932.002214919,932.719109896,20,2000,8192,4096,2048,5711.211015200024_seg0_call_112.npy,G rupe
5711.211015200024,5711.211015200024.Table.1.selections.txt,113,G rupe,934.056658363,934.549809048,20,2000,8192,4096,2048,5711.211015200024_seg0_call_113.npy,G rupe
5711.211015200024,5711.211015200024.Table.1.selections.txt,114,G rupe,937.453495736,938.174956924,20,2000,8192,4096,2048,5711.211015200024_seg0_call_114.npy,G rupe
5711.211015200024,5711.211015200024.Table.1.selections.txt,115,G rupe,936.599614458,937.147559663,20,2000,8192,4096,2048,5711.211015200024_seg0_call_115.npy,G rupe
5711.211015200024,5711.211015200024.Table.1.selections.txt,116,G rupe,938.266281125,938.663541398,20,2000,8192,4096,2048,5711.211015200024_seg0_call_116.npy,G rupe
5711.211015200024,5711.211015200024.Table.1.selections.txt,117,G rupe,938.83705738,939.421532266,20,2000,8192,4096,2048,5711.211015200024_seg0_call_117.npy,G rupe
5711.211015200024,5711.211015200024.Table.1.selections.txt,118,G rupe,944.267227725,944.888232291,20,2000,8192,4096,2048,5711.211015200024_seg0_call_118.npy,G rupe
5711.211015200024,5711.211015200024.Table.1.selections.txt,119,G rupe,955.215028559,955.676215774,20,2000,8192,4096,2048,5711.211015200024_seg0_call_119.npy,G rupe
5711.211015200024,5711.211015200024.Table.1.selections.txt,120,G rupe,956.429640431,957.132836778,20,2000,8192,4096,2048,5711.211015200024_seg0_call_120.npy,G rupe
5711.211015200024,5711.211015200024.Table.1.selections.txt,121,G rupe,961.403540848,961.942353634,20,2000,8192,4096,2048,5711.211015200024_seg0_call_121.npy,G rupe
5711.211015200024,5711.211015200024.Table.1.selections.txt,122,G rupe,976.948669398,977.702094055,20,2000,8192,4096,2048,5711.211015200024_seg0_call_122.npy,G rupe
5711.211015200024,5711.211015200024.Table.1.selections.txt,123,G rupe,980.89766711,981.354288114,20,2000,8192,4096,2048,5711.211015200024_seg0_call_123.npy,G rupe
5711.211015200024,5711.211015200024.Table.1.selections.txt,124,G rupe,997.977114058,998.351543281,20,2000,8192,4096,2048,5711.211015200024_seg0_call_124.npy,G rupe
5711.211015200024,5711.211015200024.Table.1.selections.txt,125,G rupe,999.104967939,999.625515884,20,2000,8192,4096,2048,5711.211015200024_seg0_call_125.npy,G rupe
5711.211015200024,5711.211015200024.Table.1.selections.txt,126,G rupe,1002.311745068,1002.850557854,20,2000,8192,4096,2048,5711.211015200024_seg0_call_126.npy,G rupe
5711.211015200024,5711.211015200024.Table.1.selections.txt,127,G rupe,1014.734431747,1015.369134944,20,2000,8192,4096,2048,5711.211015200024_seg0_call_127.npy,G rupe
5711.211015200024,5711.211015200024.Table.1.selections.txt,128,G rupe,1017.421083832,1017.873138627,20,2000,8192,4096,2048,5711.211015200024_seg0_call_128.npy,G rupe
5711.211015200024,5711.211015200024.Table.1.selections.txt,129,G rupe,1031.44615916,1031.998670576,20,2000,8192,4096,2048,5711.211015200024_seg0_call_129.npy,G rupe
5711.211015200024,5711.211015200024.Table.1.selections.txt,130,G rupe,1034.666985997,1035.393013394,20,2000,8192,4096,2048,5711.211015200024_seg0_call_130.npy,G rupe
5711.211015200024,5711.211015200024.Table.1.selections.txt,131,G rupe,1034.415844444,1034.511734855,20,2000,8192,4096,2048,5711.211015200024_seg0_call_131.npy,G rupe
5711.211015200024,5711.211015200024.Table.1.selections.txt,132,G rupe,1038.111557125,1038.773657582,20,2000,8192,4096,2048,5711.211015200024_seg0_call_132.npy,G rupe
5711.211015200024,5711.211015200024.Table.1.selections.txt,133,G rupe,1038.801054842,1039.298771737,20,2000,8192,4096,2048,5711.211015200024_seg0_call_133.npy,G rupe
5711.211015200024,5711.211015200024.Table.1.selections.txt,134,G rupe,1040.075027445,1040.59557539,20,2000,8192,4096,2048,5711.211015200024_seg0_call_134.npy,G rupe
5711.211015200024,5711.211015200024.Table.1.selections.txt,135,G rupe,1047.808639307,1048.315488623,20,2000,8192,4096,2048,5711.211015200024_seg0_call_135.npy,G rupe
5711.211015200024,5711.211015200024.Table.1.selections.txt,136,G rupe,1050.869720616,1051.33090783,20,2000,8192,4096,2048,5711.211015200024_seg0_call_136.npy,G rupe
5711.211015200024,5711.211015200024.Table.1.selections.txt,137,G rupe,1057.927884469,1058.868523738,20,2000,8192,4096,2048,5711.211015200024_seg0_call_137.npy,G rupe
5711.211015200024,5711.211015200024.Table.1.selections.txt,138,G rupe,1064.045480875,1064.56146261,20,2000,8192,4096,2048,5711.211015200024_seg0_call_138.npy,G rupe
5711.211015200024,5711.211015200024.Table.1.selections.txt,139,G rupe,1069.1247552,1069.599641045,20,2000,8192,4096,2048,5711.211015200024_seg0_call_139.npy,G rupe
5711.211015200024,5711.211015200024.Table.1.selections.txt,140,G rupe,1070.394161593,1070.905577118,20,2000,8192,4096,2048,5711.211015200024_seg0_call_140.npy,G rupe
5711.211015200024,5711.211015200024.Table.1.selections.txt,141,G rupe,1066.681833681,1067.088226375,20,2000,8192,4096,2048,5711.211015200024_seg0_call_141.npy,G rupe
5711.211015200024,5711.211015200024.Table.1.selections.txt,142,G rupe,1071.875262402,1072.363846877,20,2000,8192,4096,2048,5711.211015200024_seg0_call_142.npy,G rupe
5711.211015200024,5711.211015200024.Table.1.selections.txt,143,G rupe,1080.969604858,1081.695632256,20,2000,8192,4096,2048,5711.211015200024_seg0_call_143.npy,G rupe
5711.211015200024,5711.211015200024.Table.1.selections.txt,144,G rupe,1099.071459956,1099.578309271,20,2000,8192,4096,2048,5711.211015200024_seg0_call_144.npy,G rupe
5711.211015200024,5711.211015200024.Table.1.selections.txt,145,G rupe,1106.140899707,1106.825831214,20,2000,8192,4096,2048,5711.211015200024_seg0_call_145.npy,G rupe
5711.211015200024,5711.211015200024.Table.1.selections.txt,146,G rupe,1115.828425473,1116.55445287,20,2000,8192,4096,2048,5711.211015200024_seg0_call_146.npy,G rupe
5711.211015200024,5711.211015200024.Table.1.selections.txt,147,G rupe,1123.955083572,1124.74503791,20,2000,8192,4096,2048,5711.211015200024_seg0_call_147.npy,G rupe
5711.211015200024,5711.211015200024.Table.1.selections.txt,148,G rupe,1129.686974857,1130.189257962,20,2000,8192,4096,2048,5711.211015200024_seg0_call_148.npy,G rupe
5711.211015200024,5711.211015200024.Table.1.selections.txt,149,G rupe,1137.879702279,1138.546368946,20,2000,8192,4096,2048,5711.211015200024_seg0_call_149.npy,G rupe
5711.211015200024,5711.211015200024.Table.1.selections.txt,150,G rupe,1138.843172599,1139.304359814,20,2000,8192,4096,2048,5711.211015200024_seg0_call_150.npy,G rupe
5711.211015200024,5711.211015200024.Table.1.selections.txt,151,G rupe,1146.464700956,1147.044609632,20,2000,8192,4096,2048,5711.211015200024_seg0_call_151.npy,G rupe
5711.211015200024,5711.211015200024.Table.1.selections.txt,152,G rupe,1148.519495477,1149.076573103,20,2000,8192,4096,2048,5711.211015200024_seg0_call_152.npy,G rupe
5711.211015200024,5711.211015200024.Table.1.selections.txt,153,G rupe,1159.99448203,1160.537861025,20,2000,8192,4096,2048,5711.211015200024_seg0_call_153.npy,G rupe
5711.211015200024,5711.211015200024.Table.1.selections.txt,154,G rupe,1160.537861025,1161.076673811,20,2000,8192,4096,2048,5711.211015200024_seg0_call_154.npy,G rupe
5711.211015200024,5711.211015200024.Table.1.selections.txt,155,G rupe,1168.79651522,1169.376423895,20,2000,8192,4096,2048,5711.211015200024_seg0_call_155.npy,G rupe
5711.211015200024,5711.211015200024.Table.1.selections.txt,156,G rupe,1173.825633058,1174.268555432,20,2000,8192,4096,2048,5711.211015200024_seg0_call_156.npy,G rupe
5711.211015200024,5711.211015200024.Table.1.selections.txt,157,G rupe,1180.039048052,1180.500235267,20,2000,8192,4096,2048,5711.211015200024_seg0_call_157.npy,G rupe
5711.211015200024,5711.211015200024.Table.1.selections.txt,158,G rupe,1188.119691878,1188.631107403,20,2000,8192,4096,2048,5711.211015200024_seg0_call_158.npy,G rupe
5711.211015200024,5711.211015200024.Table.1.selections.txt,159,G rupe,1193.598369955,1194.301566302,20,2000,8192,4096,2048,5711.211015200024_seg0_call_159.npy,G rupe
5711.211015200024,5711.211015200024.Table.1.selections.txt,160,Moan,55.84534723,56.196987537,20,2000,8192,4096,2048,5711.211015200024_seg0_call_160.npy,Moan
5711.211015200024,5711.211015200024.Table.1.selections.txt,161,Moan,56.501971911,56.775645065,20,2000,8192,4096,2048,5711.211015200024_seg0_call_161.npy,Moan
5711.211015200024,5711.211015200024.Table.1.selections.txt,162,Moan,57.055435518,57.35128698,20,2000,8192,4096,2048,5711.211015200024_seg0_call_162.npy,Moan
5711.211015200024,5711.211015200024.Table.1.selections.txt,163,Moan,58.050599288,58.538501592,20,2000,8192,4096,2048,5711.211015200024_seg0_call_163.npy,Moan
5711.211015200024,5711.211015200024.Table.1.selections.txt,164,Moan,153.857767687,154.419411523,20,2000,8192,4096,2048,5711.211015200024_seg0_call_164.npy,Moan
5711.211015200024,5711.211015200024.Table.1.selections.txt,165,Moan,155.044982299,155.251278905,20,2000,8192,4096,2048,5711.211015200024_seg0_call_165.npy,Moan
5711.211015200024,5711.211015200024.Table.1.selections.txt,166,Moan,235.705934631,236.285970602,20,2000,8192,4096,2048,5711.211015200024_seg0_call_166.npy,Moan
5711.211015200024,5711.211015200024.Table.1.selections.txt,167,Moan,247.043169247,247.886131863,20,2000,8192,4096,2048,5711.211015200024_seg0_call_167.npy,Moan
5711.211015200024,5711.211015200024.Table.1.selections.txt,168,Moan,923.3183116,923.542274719,20,2000,8192,4096,2048,5711.211015200024_seg0_call_168.npy,Moan
5711.211015200024,5711.211015200024.Table.1.selections.txt,169,Rupe A,487.461234103,487.694110815,20,2000,8192,4096,2048,5711.211015200024_seg0_call_169.npy,Rupe A
5711.211015200024,5711.211015200024.Table.1.selections.txt,170,Rupe A,920.039947857,920.22315439,20,2000,8192,4096,2048,5711.211015200024_seg0_call_170.npy,Rupe A
5711.211015200024,5711.211015200024.Table.1.selections.txt,171,Rupe C,484.896145209,485.624236274,20,2000,8192,4096,2048,5711.211015200024_seg0_call_171.npy,Rupe C
5711.211015200024,5711.211015200024.Table.1.selections.txt,172,Rupe C,921.535937795,922.183248933,20,2000,8192,4096,2048,5711.211015200024_seg0_call_172.npy,Rupe C
5711.211015200024,5711.211015200024.Table.1.selections.txt,173,Rupe C,923.699844036,924.265783816,20,2000,8192,4096,2048,5711.211015200024_seg0_call_173.npy,Rupe C
5711.211015200024,5711.211015200024.Table.1.selections.txt,174,Rupe C,922.361301074,923.089392139,20,2000,8192,4096,2048,5711.211015200024_seg0_call_174.npy,Rupe C
5711.211015200024,5711.211015200024.Table.1.selections.txt,175,Rupe C,485.662389518,486.479504818,20,2000,8192,4096,2048,5711.211015200024_seg0_call_175.npy,Rupe C
5711.211015200024,5711.211015200024.Table.1.selections.txt,176,Rupe C,486.527196373,487.144007144,20,2000,8192,4096,2048,5711.211015200024_seg0_call_176.npy,Rupe C
5711.211015200024,5711.211015200024.Table.1.selections.txt,177,Type 4 A,458.404514979,458.791267996,20,2000,8192,4096,2048,5711.211015200024_seg0_call_177.npy,Type 4 A
5711.211015200024,5711.211015200024.Table.1.selections.txt,178,Type 4 B,1007.920768346,1008.240403049,20,2000,8192,4096,2048,5711.211015200024_seg0_call_178.npy,Type 4 B
5711.211015200024,5711.211015200024.Table.1.selections.txt,0,no-call,766.670493357208,767.670493357208,20,2000,8192,4096,2048,5711.211015200024_seg0_nocall_0.npy,no-call
5711.211015200024,5711.211015200024.Table.1.selections.txt,1,no-call,29.987807974334377,30.987807974334377,20,2000,8192,4096,2048,5711.211015200024_seg0_nocall_1.npy,no-call
5711.211015200024,5711.211015200024.Table.1.selections.txt,2,no-call,329.7591901219597,330.7591901219597,20,2000,8192,4096,2048,5711.211015200024_seg0_nocall_2.npy,no-call
5711.211015210024,5711.211015210024.Table.1.selections.txt,0,G rupe,9.897694117,10.482169003,20,2000,8192,4096,2048,5711.211015210024_seg0_call_0.npy,G rupe
5711.211015210024,5711.211015210024.Table.1.selections.txt,1,G rupe,12.723715399,13.253395765,20,2000,8192,4096,2048,5711.211015210024_seg0_call_1.npy,G rupe
5711.211015210024,5711.211015210024.Table.1.selections.txt,2,G rupe,26.437838448,27.049710594,20,2000,8192,4096,2048,5711.211015210024_seg0_call_2.npy,G rupe
5711.211015210024,5711.211015210024.Table.1.selections.txt,3,G rupe,29.590112099,30.092395204,20,2000,8192,4096,2048,5711.211015210024_seg0_call_3.npy,G rupe
5711.211015210024,5711.211015210024.Table.1.selections.txt,4,G rupe,40.080949664,40.788712221,20,2000,8192,4096,2048,5711.211015210024_seg0_call_4.npy,G rupe
5711.211015210024,5711.211015210024.Table.1.selections.txt,5,G rupe,43.689846564,44.169298619,20,2000,8192,4096,2048,5711.211015210024_seg0_call_5.npy,G rupe
5711.211015210024,5711.211015210024.Table.1.selections.txt,6,G rupe,55.37246944,56.157857568,20,2000,8192,4096,2048,5711.211015210024_seg0_call_6.npy,G rupe
5711.211015210024,5711.211015210024.Table.1.selections.txt,7,G rupe,56.933648856,57.431365751,20,2000,8192,4096,2048,5711.211015210024_seg0_call_7.npy,G rupe
5711.211015210024,5711.211015210024.Table.1.selections.txt,8,G rupe,60.962632592,61.387290126,20,2000,8192,4096,2048,5711.211015210024_seg0_call_8.npy,G rupe
5711.211015210024,5711.211015210024.Table.1.selections.txt,9,G rupe,75.267846509,75.856887605,20,2000,8192,4096,2048,5711.211015210024_seg0_call_9.npy,G rupe
5711.211015210024,5711.211015210024.Table.1.selections.txt,10,G rupe,75.861453815,76.226750619,20,2000,8192,4096,2048,5711.211015210024_seg0_call_10.npy,G rupe
5711.211015210024,5711.211015210024.Table.1.selections.txt,11,G rupe,77.984281555,78.582455071,20,2000,8192,4096,2048,5711.211015210024_seg0_call_11.npy,G rupe
5711.211015210024,5711.211015210024.Table.1.selections.txt,12,G rupe,86.50754701,86.580606371,20,2000,8192,4096,2048,5711.211015210024_seg0_call_12.npy,G rupe
5711.211015210024,5711.211015210024.Table.1.selections.txt,13,G rupe,86.064624636,86.178779887,20,2000,8192,4096,2048,5711.211015210024_seg0_call_13.npy,G rupe
5711.211015210024,5711.211015210024.Table.1.selections.txt,14,G rupe,96.055698827,96.658438553,20,2000,8192,4096,2048,5711.211015210024_seg0_call_14.npy,G rupe
5711.211015210024,5711.211015210024.Table.1.selections.txt,15,G rupe,97.297707959,97.813689694,20,2000,8192,4096,2048,5711.211015210024_seg0_call_15.npy,G rupe
5711.211015210024,5711.211015210024.Table.1.selections.txt,16,G rupe,99.607745895,100.11459521,20,2000,8192,4096,2048,5711.211015210024_seg0_call_16.npy,G rupe
5711.211015210024,5711.211015210024.Table.1.selections.txt,17,G rupe,114.588295385,115.163637851,20,2000,8192,4096,2048,5711.211015210024_seg0_call_17.npy,G rupe
5711.211015210024,5711.211015210024.Table.1.selections.txt,18,G rupe,139.859696226,140.485267002,20,2000,8192,4096,2048,5711.211015210024_seg0_call_18.npy,G rupe
5711.211015210024,5711.211015210024.Table.1.selections.txt,19,G rupe,155.949843318,156.680436925,20,2000,8192,4096,2048,5711.211015210024_seg0_call_19.npy,G rupe
5711.211015210024,5711.211015210024.Table.1.selections.txt,20,G rupe,160.704849473,161.37151614,20,2000,8192,4096,2048,5711.211015210024_seg0_call_20.npy,G rupe
5711.211015210024,5711.211015210024.Table.1.selections.txt,21,G rupe,174.603679674,175.101396569,20,2000,8192,4096,2048,5711.211015210024_seg0_call_21.npy,G rupe
5711.211015210024,5711.211015210024.Table.1.selections.txt,22,G rupe,176.608245884,177.142492459,20,2000,8192,4096,2048,5711.211015210024_seg0_call_22.npy,G rupe
5711.211015210024,5711.211015210024.Table.1.selections.txt,23,G rupe,177.886784697,178.594547254,20,2000,8192,4096,2048,5711.211015210024_seg0_call_23.npy,G rupe
5711.211015210024,5711.211015210024.Table.1.selections.txt,24,G rupe,188.854090093,189.465962239,20,2000,8192,4096,2048,5711.211015210024_seg0_call_24.npy,G rupe
5711.211015210024,5711.211015210024.Table.1.selections.txt,25,G rupe,192.992676337,193.641078163,20,2000,8192,4096,2048,5711.211015210024_seg0_call_25.npy,G rupe
5711.211015210024,5711.211015210024.Table.1.selections.txt,26,G rupe,198.738095119,199.340834845,20,2000,8192,4096,2048,5711.211015210024_seg0_call_26.npy,G rupe
5711.211015210024,5711.211015210024.Table.1.selections.txt,27,G rupe,212.401993223,212.977335689,20,2000,8192,4096,2048,5711.211015210024_seg0_call_27.npy,G rupe
5711.211015210024,5711.211015210024.Table.1.selections.txt,28,G rupe,229.332295542,229.852843487,20,2000,8192,4096,2048,5711.211015210024_seg0_call_28.npy,G rupe
5711.211015210024,5711.211015210024.Table.1.selections.txt,29,G rupe,249.328160654,249.839576179,20,2000,8192,4096,2048,5711.211015210024_seg0_call_29.npy,G rupe
5711.211015210024,5711.211015210024.Table.1.selections.txt,30,G rupe,304.634174372,305.163854737,20,2000,8192,4096,2048,5711.211015210024_seg0_call_30.npy,G rupe
5711.211015210024,5711.211015210024.Table.1.selections.txt,31,G rupe,306.305407249,306.766594463,20,2000,8192,4096,2048,5711.211015210024_seg0_call_31.npy,G rupe
5711.211015210024,5711.211015210024.Table.1.selections.txt,32,G rupe,324.881145126,325.365163391,20,2000,8192,4096,2048,5711.211015210024_seg0_call_32.npy,G rupe
5711.211015210024,5711.211015210024.Table.1.selections.txt,33,G rupe,324.13481546,324.596002674,20,2000,8192,4096,2048,5711.211015210024_seg0_call_33.npy,G rupe
5711.211015210024,5711.211015210024.Table.1.selections.txt,34,G rupe,329.766078991,330.368818717,20,2000,8192,4096,2048,5711.211015210024_seg0_call_34.npy,G rupe
5711.211015210024,5711.211015210024.Table.1.selections.txt,35,G rupe,347.417860452,347.929275977,20,2000,8192,4096,2048,5711.211015210024_seg0_call_35.npy,G rupe
5711.211015210024,5711.211015210024.Table.1.selections.txt,36,G rupe,351.971498412,352.656429919,20,2000,8192,4096,2048,5711.211015210024_seg0_call_36.npy,G rupe
5711.211015210024,5711.211015210024.Table.1.selections.txt,37,G rupe,368.287909112,368.858685367,20,2000,8192,4096,2048,5711.211015210024_seg0_call_37.npy,G rupe
5711.211015210024,5711.211015210024.Table.1.selections.txt,38,G rupe,390.721639035,391.278716661,20,2000,8192,4096,2048,5711.211015210024_seg0_call_38.npy,G rupe
5711.211015210024,5711.211015210024.Table.1.selections.txt,39,G rupe,415.43798263,416.036156146,20,2000,8192,4096,2048,5711.211015210024_seg0_call_39.npy,G rupe
5711.211015210024,5711.211015210024.Table.1.selections.txt,40,G rupe,442.619696028,443.674490548,20,2000,8192,4096,2048,5711.211015210024_seg0_call_40.npy,G rupe
5711.211015210024,5711.211015210024.Table.1.selections.txt,41,G rupe,461.056374753,461.614578435,20,2000,8192,4096,2048,5711.211015210024_seg0_call_41.npy,G rupe
5711.211015210024,5711.211015210024.Table.1.selections.txt,42,G rupe,468.084898069,468.605446015,20,2000,8192,4096,2048,5711.211015210024_seg0_call_42.npy,G rupe
5711.211015210024,5711.211015210024.Table.1.selections.txt,43,G rupe,478.790347506,479.315461661,20,2000,8192,4096,2048,5711.211015210024_seg0_call_43.npy,G rupe
5711.211015210024,5711.211015210024.Table.1.selections.txt,44,G rupe,494.860182863,495.362465968,20,2000,8192,4096,2048,5711.211015210024_seg0_call_44.npy,G rupe
5711.211015210024,5711.211015210024.Table.1.selections.txt,45,G rupe,515.842313434,516.44961937,20,2000,8192,4096,2048,5711.211015210024_seg0_call_45.npy,G rupe
5711.211015210024,5711.211015210024.Table.1.selections.txt,46,G rupe,534.12377644,534.653456805,20,2000,8192,4096,2048,5711.211015210024_seg0_call_46.npy,G rupe
5711.211015210024,5711.211015210024.Table.1.selections.txt,47,G rupe,553.688344468,554.163230313,20,2000,8192,4096,2048,5711.211015210024_seg0_call_47.npy,G rupe
5711.211015210024,5711.211015210024.Table.1.selections.txt,48,G rupe,569.991056537,570.438545121,20,2000,8192,4096,2048,5711.211015210024_seg0_call_48.npy,G rupe
5711.211015210024,5711.211015210024.Table.1.selections.txt,49,G rupe,574.772969089,575.334612925,20,2000,8192,4096,2048,5711.211015210024_seg0_call_49.npy,G rupe
5711.211015210024,5711.211015210024.Table.1.selections.txt,50,G rupe,588.263351212,588.327278152,20,2000,8192,4096,2048,5711.211015210024_seg0_call_50.npy,G rupe
5711.211015210024,5711.211015210024.Table.1.selections.txt,51,G rupe,593.824084163,594.381161789,20,2000,8192,4096,2048,5711.211015210024_seg0_call_51.npy,G rupe
5711.211015210024,5711.211015210024.Table.1.selections.txt,52,G rupe,610.514504555,611.071582181,20,2000,8192,4096,2048,5711.211015210024_seg0_call_52.npy,G rupe
5711.211015210024,5711.211015210024.Table.1.selections.txt,53,G rupe,621.140290992,621.633441677,20,2000,8192,4096,2048,5711.211015210024_seg0_call_53.npy,G rupe
5711.211015210024,5711.211015210024.Table.1.selections.txt,54,G rupe,636.363196419,636.902009205,20,2000,8192,4096,2048,5711.211015210024_seg0_call_54.npy,G rupe
5711.211015210024,5711.211015210024.Table.1.selections.txt,55,G rupe,645.712972825,646.17872625,20,2000,8192,4096,2048,5711.211015210024_seg0_call_55.npy,G rupe
5711.211015210024,5711.211015210024.Table.1.selections.txt,56,G rupe,663.483056216,663.925978591,20,2000,8192,4096,2048,5711.211015210024_seg0_call_56.npy,G rupe
5711.211015210024,5711.211015210024.Table.1.selections.txt,57,G rupe,671.264585147,671.789699303,20,2000,8192,4096,2048,5711.211015210024_seg0_call_57.npy,G rupe
5711.211015210024,5711.211015210024.Table.1.selections.txt,58,G rupe,684.113624524,684.529149639,20,2000,8192,4096,2048,5711.211015210024_seg0_call_58.npy,G rupe
5711.211015210024,5711.211015210024.Table.1.selections.txt,59,G rupe,694.079767465,694.627712671,20,2000,8192,4096,2048,5711.211015210024_seg0_call_59.npy,G rupe
5711.211015210024,5711.211015210024.Table.1.selections.txt,60,G rupe,719.679427027,720.254769493,20,2000,8192,4096,2048,5711.211015210024_seg0_call_60.npy,G rupe
5711.211015210024,5711.211015210024.Table.1.selections.txt,61,G rupe,744.299952031,744.829632397,20,2000,8192,4096,2048,5711.211015210024_seg0_call_61.npy,G rupe
5711.211015210024,5711.211015210024.Table.1.selections.txt,62,G rupe,766.971124878,767.505371453,20,2000,8192,4096,2048,5711.211015210024_seg0_call_62.npy,G rupe
5711.211015210024,5711.211015210024.Table.1.selections.txt,63,G rupe,787.905100478,788.494141574,20,2000,8192,4096,2048,5711.211015210024_seg0_call_63.npy,G rupe
5711.211015210024,5711.211015210024.Table.1.selections.txt,64,G rupe,805.132224405,805.65733856,20,2000,8192,4096,2048,5711.211015210024_seg0_call_64.npy,G rupe
5711.211015210024,5711.211015210024.Table.1.selections.txt,65,G rupe,821.457767524,821.960050629,20,2000,8192,4096,2048,5711.211015210024_seg0_call_65.npy,G rupe
5711.211015210024,5711.211015210024.Table.1.selections.txt,66,G rupe,883.835456321,884.228150385,20,2000,8192,4096,2048,5711.211015210024_seg0_call_66.npy,G rupe
5711.211015210024,5711.211015210024.Table.1.selections.txt,67,G rupe,902.372663,902.897777155,20,2000,8192,4096,2048,5711.211015210024_seg0_call_67.npy,G rupe
5711.211015210024,5711.211015210024.Table.1.selections.txt,68,G rupe,903.171749758,903.642069393,20,2000,8192,4096,2048,5711.211015210024_seg0_call_68.npy,G rupe
5711.211015210024,5711.211015210024.Table.1.selections.txt,69,G rupe,920.674883716,921.204564082,20,2000,8192,4096,2048,5711.211015210024_seg0_call_69.npy,G rupe
5711.211015210024,5711.211015210024.Table.1.selections.txt,70,G rupe,923.621635272,924.137617007,20,2000,8192,4096,2048,5711.211015210024_seg0_call_70.npy,G rupe
5711.211015210024,5711.211015210024.Table.1.selections.txt,71,G rupe,939.609350669,940.161862085,20,2000,8192,4096,2048,5711.211015210024_seg0_call_71.npy,G rupe
5711.211015210024,5711.211015210024.Table.1.selections.txt,72,G rupe,942.070046531,942.595160686,20,2000,8192,4096,2048,5711.211015210024_seg0_call_72.npy,G rupe
5711.211015210024,5711.211015210024.Table.1.selections.txt,73,G rupe,948.205630596,948.703347491,20,2000,8192,4096,2048,5711.211015210024_seg0_call_73.npy,G rupe
5711.211015210024,5711.211015210024.Table.1.selections.txt,74,G rupe,962.403811187,963.088742693,20,2000,8192,4096,2048,5711.211015210024_seg0_call_74.npy,G rupe
5711.211015210024,5711.211015210024.Table.1.selections.txt,75,G rupe,965.04258924,965.156744492,20,2000,8192,4096,2048,5711.211015210024_seg0_call_75.npy,G rupe
5711.211015210024,5711.211015210024.Table.1.selections.txt,76,G rupe,977.131600321,977.761737307,20,2000,8192,4096,2048,5711.211015210024_seg0_call_76.npy,G rupe
5711.211015210024,5711.211015210024.Table.1.selections.txt,77,G rupe,987.832411727,988.407754192,20,2000,8192,4096,2048,5711.211015210024_seg0_call_77.npy,G rupe
5711.211015210024,5711.211015210024.Table.1.selections.txt,78,G rupe,993.885875832,994.520579028,20,2000,8192,4096,2048,5711.211015210024_seg0_call_78.npy,G rupe
5711.211015210024,5711.211015210024.Table.1.selections.txt,79,G rupe,997.159844849,997.707790054,20,2000,8192,4096,2048,5711.211015210024_seg0_call_79.npy,G rupe
5711.211015210024,5711.211015210024.Table.1.selections.txt,80,G rupe,995.940666766,996.360758091,20,2000,8192,4096,2048,5711.211015210024_seg0_call_80.npy,G rupe
5711.211015210024,5711.211015210024.Table.1.selections.txt,81,G rupe,1018.428703444,1018.889890659,20,2000,8192,4096,2048,5711.211015210024_seg0_call_81.npy,G rupe
5711.211015210024,5711.211015210024.Table.1.selections.txt,82,G rupe,1040.511326547,1041.086669013,20,2000,8192,4096,2048,5711.211015210024_seg0_call_82.npy,G rupe
5711.211015210024,5711.211015210024.Table.1.selections.txt,83,G rupe,1065.788894446,1066.368803122,20,2000,8192,4096,2048,5711.211015210024_seg0_call_83.npy,G rupe
5711.211015210024,5711.211015210024.Table.1.selections.txt,84,G rupe,1070.324687097,1070.959390294,20,2000,8192,4096,2048,5711.211015210024_seg0_call_84.npy,G rupe
5711.211015210024,5711.211015210024.Table.1.selections.txt,85,G rupe,1096.166427613,1096.686975558,20,2000,8192,4096,2048,5711.211015210024_seg0_call_85.npy,G rupe
5711.211015210024,5711.211015210024.Table.1.selections.txt,86,G rupe,1096.801130809,1097.371907065,20,2000,8192,4096,2048,5711.211015210024_seg0_call_86.npy,G rupe
5711.211015210024,5711.211015210024.Table.1.selections.txt,87,G rupe,1108.570087655,1109.108900441,20,2000,8192,4096,2048,5711.211015210024_seg0_call_87.npy,G rupe
5711.211015210024,5711.211015210024.Table.1.selections.txt,88,G rupe,1115.071459876,1115.45045531,20,2000,8192,4096,2048,5711.211015210024_seg0_call_88.npy,G rupe
5711.211015210024,5711.211015210024.Table.1.selections.txt,89,G rupe,1129.91747912,1130.506520215,20,2000,8192,4096,2048,5711.211015210024_seg0_call_89.npy,G rupe
5711.211015210024,5711.211015210024.Table.1.selections.txt,90,G rupe,1152.460869906,1153.100139312,20,2000,8192,4096,2048,5711.211015210024_seg0_call_90.npy,G rupe
5711.211015210024,5711.211015210024.Table.1.selections.txt,91,G rupe,1178.567378783,1179.206648189,20,2000,8192,4096,2048,5711.211015210024_seg0_call_91.npy,G rupe
5711.211015210024,5711.211015210024.Table.1.selections.txt,0,no-call,267.62074661091253,268.62074661091253,20,2000,8192,4096,2048,5711.211015210024_seg0_nocall_0.npy,no-call
5711.211015210024,5711.211015210024.Table.1.selections.txt,1,no-call,811.3356174405737,812.3356174405737,20,2000,8192,4096,2048,5711.211015210024_seg0_nocall_1.npy,no-call
5711.211015210024,5711.211015210024.Table.1.selections.txt,2,no-call,104.23618276936479,105.23618276936479,20,2000,8192,4096,2048,5711.211015210024_seg0_nocall_2.npy,no-call
5711.210606164145,5711.210606164145.Table.1.selections.txt,0,Moan,594.807366907,595.639624604,20,2000,8192,4096,2048,5711.210606164145_seg0_call_0.npy,Moan
5711.210606164145,5711.210606164145.Table.1.selections.txt,1,Moan,1031.477369308,1031.888790172,20,2000,8192,4096,2048,5711.210606164145_seg0_call_1.npy,Moan
5711.210606164145,5711.210606164145.Table.1.selections.txt,2,Moan,1120.939184829,1121.281599033,20,2000,8192,4096,2048,5711.210606164145_seg0_call_2.npy,Moan
5711.210606164145,5711.210606164145.Table.1.selections.txt,3,Moan,570.909800364,571.696670867,20,2000,8192,4096,2048,5711.210606164145_seg0_call_3.npy,Moan
5711.210606164145,5711.210606164145.Table.1.selections.txt,4,Moan,628.955307065,629.530846633,20,2000,8192,4096,2048,5711.210606164145_seg0_call_4.npy,Moan
5711.210606164145,5711.210606164145.Table.1.selections.txt,5,Moan,969.439098972,969.947192497,20,2000,8192,4096,2048,5711.210606164145_seg0_call_5.npy,Moan
5711.210606164145,5711.210606164145.Table.1.selections.txt,6,Moan,655.623425765,655.992130801,20,2000,8192,4096,2048,5711.210606164145_seg0_call_6.npy,Moan
5711.210606164145,5711.210606164145.Table.1.selections.txt,7,Moan,616.982124486,617.539300829,20,2000,8192,4096,2048,5711.210606164145_seg0_call_7.npy,Moan
5711.210606164145,5711.210606164145.Table.1.selections.txt,8,Moan,454.181987677,454.889120834,20,2000,8192,4096,2048,5711.210606164145_seg0_call_8.npy,Moan
5711.210606164145,5711.210606164145.Table.1.selections.txt,9,Moan,659.347330204,659.536186571,20,2000,8192,4096,2048,5711.210606164145_seg0_call_9.npy,Moan
5711.210606164145,5711.210606164145.Table.1.selections.txt,10,Moan,665.548615193,665.890341811,20,2000,8192,4096,2048,5711.210606164145_seg0_call_10.npy,Moan
5711.210606164145,5711.210606164145.Table.1.selections.txt,11,Moan,784.41934193,784.711608117,20,2000,8192,4096,2048,5711.210606164145_seg0_call_11.npy,Moan
5711.210606164145,5711.210606164145.Table.1.selections.txt,12,Moan,681.375332301,681.774506113,20,2000,8192,4096,2048,5711.210606164145_seg0_call_12.npy,Moan
5711.210606164145,5711.210606164145.Table.1.selections.txt,13,Moan,663.750046834,663.986861492,20,2000,8192,4096,2048,5711.210606164145_seg0_call_13.npy,Moan
5711.210606164145,5711.210606164145.Table.1.selections.txt,14,Moan,525.740996299,526.280564644,20,2000,8192,4096,2048,5711.210606164145_seg0_call_14.npy,Moan
5711.210606164145,5711.210606164145.Table.1.selections.txt,15,Moan,489.186042648,489.604208116,20,2000,8192,4096,2048,5711.210606164145_seg0_call_15.npy,Moan
5711.210606164145,5711.210606164145.Table.1.selections.txt,16,Moan,487.508884375,487.706726102,20,2000,8192,4096,2048,5711.210606164145_seg0_call_16.npy,Moan
5711.210606164145,5711.210606164145.Table.1.selections.txt,17,Moan,599.120821839,599.377116803,20,2000,8192,4096,2048,5711.210606164145_seg0_call_17.npy,Moan
5711.210606164145,5711.210606164145.Table.1.selections.txt,18,Moan,884.612430102,884.974390534,20,2000,8192,4096,2048,5711.210606164145_seg0_call_18.npy,Moan
5711.210606164145,5711.210606164145.Table.1.selections.txt,19,Moan,648.949502278,649.585002097,20,2000,8192,4096,2048,5711.210606164145_seg0_call_19.npy,Moan
5711.210606164145,5711.210606164145.Table.1.selections.txt,20,Moan,443.314666524,443.904892881,20,2000,8192,4096,2048,5711.210606164145_seg0_call_20.npy,Moan
5711.210606164145,5711.210606164145.Table.1.selections.txt,21,Moan,941.392219174,941.831930419,20,2000,8192,4096,2048,5711.210606164145_seg0_call_21.npy,Moan
5711.210606164145,5711.210606164145.Table.1.selections.txt,22,Moan,416.276983246,416.8266621,20,2000,8192,4096,2048,5711.210606164145_seg0_call_22.npy,Moan
5711.210606164145,5711.210606164145.Table.1.selections.txt,23,Moan,691.514493504,692.08553667,20,2000,8192,4096,2048,5711.210606164145_seg0_call_23.npy,Moan
5711.210606164145,5711.210606164145.Table.1.selections.txt,24,Moan,653.640512096,653.868124527,20,2000,8192,4096,2048,5711.210606164145_seg0_call_24.npy,Moan
5711.210606164145,5711.210606164145.Table.1.selections.txt,25,Moan,512.136316095,512.684988116,20,2000,8192,4096,2048,5711.210606164145_seg0_call_25.npy,Moan
5711.210606164145,5711.210606164145.Table.1.selections.txt,26,Moan,444.093741802,444.224137485,20,2000,8192,4096,2048,5711.210606164145_seg0_call_26.npy,Moan
5711.210606164145,5711.210606164145.Table.1.selections.txt,27,Moan,467.64764715,468.497467294,20,2000,8192,4096,2048,5711.210606164145_seg0_call_27.npy,Moan
5711.210606164145,5711.210606164145.Table.1.selections.txt,28,Moan,523.986549925,524.666734544,20,2000,8192,4096,2048,5711.210606164145_seg0_call_28.npy,Moan
5711.210606164145,5711.210606164145.Table.1.selections.txt,29,Moan,699.590037916,699.987969571,20,2000,8192,4096,2048,5711.210606164145_seg0_call_29.npy,Moan
5711.210606164145,5711.210606164145.Table.1.selections.txt,30,Moan,412.424745573,412.986795933,20,2000,8192,4096,2048,5711.210606164145_seg0_call_30.npy,Moan
5711.210606164145,5711.210606164145.Table.1.selections.txt,31,Moan,569.311327033,569.459708328,20,2000,8192,4096,2048,5711.210606164145_seg0_call_31.npy,Moan
5711.210606164145,5711.210606164145.Table.1.selections.txt,32,Moan,821.36673759,821.895064928,20,2000,8192,4096,2048,5711.210606164145_seg0_call_32.npy,Moan
5711.210606164145,5711.210606164145.Table.1.selections.txt,33,Moan,695.078063934,695.473747387,20,2000,8192,4096,2048,5711.210606164145_seg0_call_33.npy,Moan
5711.210606164145,5711.210606164145.Table.1.selections.txt,34,Moan,637.525882603,638.178600155,20,2000,8192,4096,2048,5711.210606164145_seg0_call_34.npy,Moan
5711.210606164145,5711.210606164145.Table.1.selections.txt,35,Moan,576.355911894,577.639608421,20,2000,8192,4096,2048,5711.210606164145_seg0_call_35.npy,Moan
5711.210606164145,5711.210606164145.Table.1.selections.txt,36,Moan,696.75900206,697.034804021,20,2000,8192,4096,2048,5711.210606164145_seg0_call_36.npy,Moan
5711.210606164145,5711.210606164145.Table.1.selections.txt,37,Moan,519.67129409,520.018326054,20,2000,8192,4096,2048,5711.210606164145_seg0_call_37.npy,Moan
5711.210606164145,5711.210606164145.Table.1.selections.txt,38,Moan,441.616217064,442.310100314,20,2000,8192,4096,2048,5711.210606164145_seg0_call_38.npy,Moan
5711.210606164145,5711.210606164145.Table.1.selections.txt,39,Moan,983.277911242,983.88123817,20,2000,8192,4096,2048,5711.210606164145_seg0_call_39.npy,Moan
5711.210606164145,5711.210606164145.Table.1.selections.txt,40,Moan,507.662145914,508.15180624,20,2000,8192,4096,2048,5711.210606164145_seg0_call_40.npy,Moan
5711.210606164145,5711.210606164145.Table.1.selections.txt,41,Moan,682.973307112,683.634278335,20,2000,8192,4096,2048,5711.210606164145_seg0_call_41.npy,Moan
5711.210606164145,5711.210606164145.Table.1.selections.txt,42,Moan,1108.609152784,1109.171195958,20,2000,8192,4096,2048,5711.210606164145_seg0_call_42.npy,Moan
5711.210606164145,5711.210606164145.Table.1.selections.txt,43,Moan,641.304200711,641.612399357,20,2000,8192,4096,2048,5711.210606164145_seg0_call_43.npy,Moan
5711.210606164145,5711.210606164145.Table.1.selections.txt,44,Moan,572.924188853,573.347370978,20,2000,8192,4096,2048,5711.210606164145_seg0_call_44.npy,Moan
5711.210606164145,5711.210606164145.Table.1.selections.txt,45,Moan,657.449848189,657.986845988,20,2000,8192,4096,2048,5711.210606164145_seg0_call_45.npy,Moan
5711.210606164145,5711.210606164145.Table.1.selections.txt,46,Moan,693.24454171,693.842563293,20,2000,8192,4096,2048,5711.210606164145_seg0_call_46.npy,Moan
5711.210606164145,5711.210606164145.Table.1.selections.txt,47,Moan,639.378400589,639.849833031,20,2000,8192,4096,2048,5711.210606164145_seg0_call_47.npy,Moan
5711.210606164145,5711.210606164145.Table.1.selections.txt,48,Moan,1025.463232469,1026.121912375,20,2000,8192,4096,2048,5711.210606164145_seg0_call_48.npy,Moan
5711.210606164145,5711.210606164145.Table.1.selections.txt,49,Moan,1016.790748288,1017.23139577,20,2000,8192,4096,2048,5711.210606164145_seg0_call_49.npy,Moan
5711.210606164145,5711.210606164145.Table.1.selections.txt,50,Moan,584.822718946,585.236388011,20,2000,8192,4096,2048,5711.210606164145_seg0_call_50.npy,Moan
5711.210606164145,5711.210606164145.Table.1.selections.txt,51,Moan,920.420632099,921.002916272,20,2000,8192,4096,2048,5711.210606164145_seg0_call_51.npy,Moan
5711.210606164145,5711.210606164145.Table.1.selections.txt,52,Moan,971.326633464,971.816782441,20,2000,8192,4096,2048,5711.210606164145_seg0_call_52.npy,Moan
5711.210606164145,5711.210606164145.Table.1.selections.txt,53,Moan,1196.452112778,1197.648155944,20,2000,8192,4096,2048,5711.210606164145_seg0_call_53.npy,Moan
5711.210606164145,5711.210606164145.Table.1.selections.txt,54,Moan,527.544053853,527.936140937,20,2000,8192,4096,2048,5711.210606164145_seg0_call_54.npy,Moan
5711.210606164145,5711.210606164145.Table.1.selections.txt,55,Moan,707.519608882,707.93777435,20,2000,8192,4096,2048,5711.210606164145_seg0_call_55.npy,Moan
5711.210606164145,5711.210606164145.Table.1.selections.txt,56,Moan,580.635049671,581.210392137,20,2000,8192,4096,2048,5711.210606164145_seg0_call_56.npy,Moan
5711.210606164145,5711.210606164145.Table.1.selections.txt,57,Moan,631.005666777,631.324911381,20,2000,8192,4096,2048,5711.210606164145_seg0_call_57.npy,Moan
5711.210606164145,5711.210606164145.Table.1.selections.txt,58,Moan,868.629676625,869.142266553,20,2000,8192,4096,2048,5711.210606164145_seg0_call_58.npy,Moan
5711.210606164145,5711.210606164145.Table.1.selections.txt,59,Moan,669.078296563,669.631354117,20,2000,8192,4096,2048,5711.210606164145_seg0_call_59.npy,Moan
5711.210606164145,5711.210606164145.Table.1.selections.txt,60,Moan,667.401133178,667.688902962,20,2000,8192,4096,2048,5711.210606164145_seg0_call_60.npy,Moan
5711.210606164145,5711.210606164145.Table.1.selections.txt,61,Moan,582.708109032,583.352392235,20,2000,8192,4096,2048,5711.210606164145_seg0_call_61.npy,Moan
5711.210606164145,5711.210606164145.Table.1.selections.txt,62,Moan,465.380462268,465.760807437,20,2000,8192,4096,2048,5711.210606164145_seg0_call_62.npy,Moan
5711.210606164145,5711.210606164145.Table.1.selections.txt,63,Moan,918.697830203,919.325887346,20,2000,8192,4096,2048,5711.210606164145_seg0_call_63.npy,Moan
5711.210606164145,5711.210606164145.Table.1.selections.txt,64,Moan,473.73529277,474.396263993,20,2000,8192,4096,2048,5711.210606164145_seg0_call_64.npy,Moan
5711.210606164145,5711.210606164145.Table.1.selections.txt,65,Moan,993.165949073,993.743736843,20,2000,8192,4096,2048,5711.210606164145_seg0_call_65.npy,Moan
5711.210606164145,5711.210606164145.Table.1.selections.txt,66,Moan,538.300094978,538.849395264,20,2000,8192,4096,2048,5711.210606164145_seg0_call_66.npy,Moan
5711.210606164145,5711.210606164145.Table.1.selections.txt,67,Moan,513.997833254,514.429487931,20,2000,8192,4096,2048,5711.210606164145_seg0_call_67.npy,Moan
5711.210606164145,5711.210606164145.Table.1.selections.txt,68,Moan,452.357638937,453.207459081,20,2000,8192,4096,2048,5711.210606164145_seg0_call_68.npy,Moan
5711.210606164145,5711.210606164145.Table.1.selections.txt,69,Moan,1035.012090162,1035.565147716,20,2000,8192,4096,2048,5711.210606164145_seg0_call_69.npy,Moan
5711.210606164145,5711.210606164145.Table.1.selections.txt,70,Moan,673.292156148,673.557443918,20,2000,8192,4096,2048,5711.210606164145_seg0_call_70.npy,Moan
5711.210606164145,5711.210606164145.Table.1.selections.txt,71,Moan,647.420790999,647.928884524,20,2000,8192,4096,2048,5711.210606164145_seg0_call_71.npy,Moan
5711.210606164145,5711.210606164145.Table.1.selections.txt,72,Moan,992.932528275,993.089902376,20,2000,8192,4096,2048,5711.210606164145_seg0_call_72.npy,Moan
5711.210606164145,5711.210606164145.Table.1.selections.txt,73,Moan,578.995303062,579.453936156,20,2000,8192,4096,2048,5711.210606164145_seg0_call_73.npy,Moan
5711.210606164145,5711.210606164145.Table.1.selections.txt,74,Moan,615.084634425,615.538771116,20,2000,8192,4096,2048,5711.210606164145_seg0_call_74.npy,Moan
5711.210606164145,5711.210606164145.Table.1.selections.txt,75,Moan,1194.626279299,1195.26926491,20,2000,8192,4096,2048,5711.210606164145_seg0_call_75.npy,Moan
5711.210606164145,5711.210606164145.Table.1.selections.txt,76,Moan,1029.473515542,1029.986495569,20,2000,8192,4096,2048,5711.210606164145_seg0_call_76.npy,Moan
5711.210606164145,5711.210606164145.Table.1.selections.txt,77,Moan,542.378564938,543.021550549,20,2000,8192,4096,2048,5711.210606164145_seg0_call_77.npy,Moan
5711.210606164145,5711.210606164145.Table.1.selections.txt,78,Moan,1084.452554589,1084.915684086,20,2000,8192,4096,2048,5711.210606164145_seg0_call_78.npy,Moan
5711.210606164145,5711.210606164145.Table.1.selections.txt,79,Moan,604.973359305,605.575877291,20,2000,8192,4096,2048,5711.210606164145_seg0_call_79.npy,Moan
5711.210606164145,5711.210606164145.Table.1.selections.txt,80,Moan,623.258623096,624.196847859,20,2000,8192,4096,2048,5711.210606164145_seg0_call_80.npy,Moan
5711.210606164145,5711.210606164145.Table.1.selections.txt,81,Moan,593.242614815,593.890096829,20,2000,8192,4096,2048,5711.210606164145_seg0_call_81.npy,Moan
5711.210606164145,5711.210606164145.Table.1.selections.txt,82,Moan,632.999160163,633.412829227,20,2000,8192,4096,2048,5711.210606164145_seg0_call_82.npy,Moan
5711.210606164145,5711.210606164145.Table.1.selections.txt,83,Moan,645.274499813,646.059887941,20,2000,8192,4096,2048,5711.210606164145_seg0_call_83.npy,Moan
5711.210606164145,5711.210606164145.Table.1.selections.txt,84,Moan,675.381804977,675.847558401,20,2000,8192,4096,2048,5711.210606164145_seg0_call_84.npy,Moan
5711.210606164145,5711.210606164145.Table.1.selections.txt,85,Moan,463.400195927,463.611526862,20,2000,8192,4096,2048,5711.210606164145_seg0_call_85.npy,Moan
5711.210606164145,5711.210606164145.Table.1.selections.txt,86,Moan,985.419338511,985.786919447,20,2000,8192,4096,2048,5711.210606164145_seg0_call_86.npy,Moan
5711.210606164145,5711.210606164145.Table.1.selections.txt,87,Moan,515.800890808,516.061682175,20,2000,8192,4096,2048,5711.210606164145_seg0_call_87.npy,Moan
5711.210606164145,5711.210606164145.Table.1.selections.txt,88,Moan,888.533076848,889.14975337,20,2000,8192,4096,2048,5711.210606164145_seg0_call_88.npy,Moan
5711.210606164145,5711.210606164145.Table.1.selections.txt,89,Moan,624.982235987,625.88002909,20,2000,8192,4096,2048,5711.210606164145_seg0_call_89.npy,Moan
5711.210606164145,5711.210606164145.Table.1.selections.txt,90,Moan,501.649776223,502.009172438,20,2000,8192,4096,2048,5711.210606164145_seg0_call_90.npy,Moan
5711.210606164145,5711.210606164145.Table.1.selections.txt,91,Moan,1082.756440414,1083.221818112,20,2000,8192,4096,2048,5711.210606164145_seg0_call_91.npy,Moan
5711.210606164145,5711.210606164145.Table.1.selections.txt,92,Moan,914.994558609,915.547616163,20,2000,8192,4096,2048,5711.210606164145_seg0_call_92.npy,Moan
5711.210606164145,5711.210606164145.Table.1.selections.txt,93,Moan,689.327028408,689.563144994,20,2000,8192,4096,2048,5711.210606164145_seg0_call_93.npy,Moan
5711.210606164145,5711.210606164145.Table.1.selections.txt,94,Moan,1038.706400472,1039.160452983,20,2000,8192,4096,2048,5711.210606164145_seg0_call_94.npy,Moan
5711.210606164145,5711.210606164145.Table.1.selections.txt,95,Moan,1160.349977563,1160.556812096,20,2000,8192,4096,2048,5711.210606164145_seg0_call_95.npy,Moan
5711.210606164145,5711.210606164145.Table.1.selections.txt,96,Moan,1000.747842726,1000.889479416,20,2000,8192,4096,2048,5711.210606164145_seg0_call_96.npy,Moan
5711.210606164145,5711.210606164145.Table.1.selections.txt,97,Moan,955.933980252,956.277955072,20,2000,8192,4096,2048,5711.210606164145_seg0_call_97.npy,Moan
5711.210606164145,5711.210606164145.Table.1.selections.txt,98,Moan,1023.722584577,1024.423282238,20,2000,8192,4096,2048,5711.210606164145_seg0_call_98.npy,Moan
5711.210606164145,5711.210606164145.Table.1.selections.txt,99,Moan,916.994424435,917.498021557,20,2000,8192,4096,2048,5711.210606164145_seg0_call_99.npy,Moan
5711.210606164145,5711.210606164145.Table.1.selections.txt,100,Moan,874.583994929,875.078599246,20,2000,8192,4096,2048,5711.210606164145_seg0_call_100.npy,Moan
5711.210606164145,5711.210606164145.Table.1.selections.txt,101,Moan,745.706040525,746.392620713,20,2000,8192,4096,2048,5711.210606164145_seg0_call_101.npy,Moan
5711.210606164145,5711.210606164145.Table.1.selections.txt,102,Moan,782.559693348,782.975610614,20,2000,8192,4096,2048,5711.210606164145_seg0_call_102.npy,Moan
5711.210606164145,5711.210606164145.Table.1.selections.txt,103,Moan,881.083378001,881.502855433,20,2000,8192,4096,2048,5711.210606164145_seg0_call_103.npy,Moan
5711.210606164145,5711.210606164145.Table.1.selections.txt,104,Moan,1036.846365892,1037.523074525,20,2000,8192,4096,2048,5711.210606164145_seg0_call_104.npy,Moan
5711.210606164145,5711.210606164145.Table.1.selections.txt,105,Moan,1119.410358543,1119.573834611,20,2000,8192,4096,2048,5711.210606164145_seg0_call_105.npy,Moan
5711.210606164145,5711.210606164145.Table.1.selections.txt,106,Moan,797.311592209,798.005754687,20,2000,8192,4096,2048,5711.210606164145_seg0_call_106.npy,Moan
5711.210606164145,5711.210606164145.Table.1.selections.txt,107,Moan,985.16791773,985.360690224,20,2000,8192,4096,2048,5711.210606164145_seg0_call_107.npy,Moan
5711.210606164145,5711.210606164145.Table.1.selections.txt,108,Moan,1062.919065054,1063.029226924,20,2000,8192,4096,2048,5711.210606164145_seg0_call_108.npy,Moan
5711.210606164145,5711.210606164145.Table.1.selections.txt,109,Moan,807.739011579,808.190900068,20,2000,8192,4096,2048,5711.210606164145_seg0_call_109.npy,Moan
5711.210606164145,5711.210606164145.Table.1.selections.txt,110,Moan,795.221315115,796.005937417,20,2000,8192,4096,2048,5711.210606164145_seg0_call_110.npy,Moan
5711.210606164145,5711.210606164145.Table.1.selections.txt,111,Moan,922.262071276,922.855596456,20,2000,8192,4096,2048,5711.210606164145_seg0_call_111.npy,Moan
5711.210606164145,5711.210606164145.Table.1.selections.txt,112,Moan,709.443882477,709.769871685,20,2000,8192,4096,2048,5711.210606164145_seg0_call_112.npy,Moan
5711.210606164145,5711.210606164145.Table.1.selections.txt,0,no-call,766.6350051698936,767.6350051698936,20,2000,8192,4096,2048,5711.210606164145_seg0_nocall_0.npy,no-call
5711.210606164145,5711.210606164145.Table.1.selections.txt,1,no-call,29.986419877419518,30.986419877419518,20,2000,8192,4096,2048,5711.210606164145_seg0_nocall_1.npy,no-call
5711.210606164145,5711.210606164145.Table.1.selections.txt,2,no-call,329.74392599479023,330.74392599479023,20,2000,8192,4096,2048,5711.210606164145_seg0_nocall_2.npy,no-call
5713.210902100002,5713.210902100002.Table.1.selections.txt,0,Moan,558.255101862,559.36095006,20,2000,8192,4096,2048,5713.210902100002_seg0_call_0.npy,Moan
5713.210902100002,5713.210902100002.Table.1.selections.txt,1,Moan,560.524188927,561.020111968,20,2000,8192,4096,2048,5713.210902100002_seg0_call_1.npy,Moan
5713.210902100002,5713.210902100002.Table.1.selections.txt,2,Moan,562.533321347,563.052614769,20,2000,8192,4096,2048,5713.210902100002_seg0_call_2.npy,Moan
5713.210902100002,5713.210902100002.Table.1.selections.txt,3,Moan,564.450996063,565.154325913,20,2000,8192,4096,2048,5713.210902100002_seg0_call_3.npy,Moan
5713.210902100002,5713.210902100002.Table.1.selections.txt,4,Moan,566.279761215,566.967710856,20,2000,8192,4096,2048,5713.210902100002_seg0_call_4.npy,Moan
5713.210902100002,5713.210902100002.Table.1.selections.txt,5,Moan,568.206862746,568.743982553,20,2000,8192,4096,2048,5713.210902100002_seg0_call_5.npy,Moan
5713.210902100002,5713.210902100002.Table.1.selections.txt,6,Moan,570.050867182,570.707342002,20,2000,8192,4096,2048,5713.210902100002_seg0_call_6.npy,Moan
5713.210902100002,5713.210902100002.Table.1.selections.txt,7,Moan,572.072284105,572.51977269,20,2000,8192,4096,2048,5713.210902100002_seg0_call_7.npy,Moan
5713.210902100002,5713.210902100002.Table.1.selections.txt,8,Moan,573.800851659,574.183045904,20,2000,8192,4096,2048,5713.210902100002_seg0_call_8.npy,Moan
5713.210902100002,5713.210902100002.Table.1.selections.txt,9,Moan,575.509484753,576.026571084,20,2000,8192,4096,2048,5713.210902100002_seg0_call_9.npy,Moan
5713.210902100002,5713.210902100002.Table.1.selections.txt,10,Moan,577.633068919,578.186167536,20,2000,8192,4096,2048,5713.210902100002_seg0_call_10.npy,Moan
5713.210902100002,5713.210902100002.Table.1.selections.txt,11,Moan,579.239479773,579.629503466,20,2000,8192,4096,2048,5713.210902100002_seg0_call_11.npy,Moan
5713.210902100002,5713.210902100002.Table.1.selections.txt,12,Moan,580.729450872,581.358201234,20,2000,8192,4096,2048,5713.210902100002_seg0_call_12.npy,Moan
5713.210902100002,5713.210902100002.Table.1.selections.txt,13,Moan,582.499753746,583.027102106,20,2000,8192,4096,2048,5713.210902100002_seg0_call_13.npy,Moan
5713.210902100002,5713.210902100002.Table.1.selections.txt,14,Rupe B,706.17389855,706.511798093,20,2000,8192,4096,2048,5713.210902100002_seg0_call_14.npy,Rupe B
5713.210902100002,5713.210902100002.Table.1.selections.txt,15,Rupe B,707.13280266,707.397642842,20,2000,8192,4096,2048,5713.210902100002_seg0_call_15.npy,Rupe B
5713.210902100002,5713.210902100002.Table.1.selections.txt,16,Type 4 A,708.867962477,709.11453782,20,2000,8192,4096,2048,5713.210902100002_seg0_call_16.npy,Type 4 A
5713.210902100002,5713.210902100002.Table.1.selections.txt,17,Moan,584.11784897,584.821045318,20,2000,8192,4096,2048,5713.210902100002_seg0_call_17.npy,Moan
5713.210902100002,5713.210902100002.Table.1.selections.txt,18,Moan,586.024008879,586.489762304,20,2000,8192,4096,2048,5713.210902100002_seg0_call_18.npy,Moan
5713.210902100002,5713.210902100002.Table.1.selections.txt,19,Moan,589.950054436,590.461469962,20,2000,8192,4096,2048,5713.210902100002_seg0_call_19.npy,Moan
5713.210902100002,5713.210902100002.Table.1.selections.txt,20,Moan,591.630419733,592.14919382,20,2000,8192,4096,2048,5713.210902100002_seg0_call_20.npy,Moan
5713.210902100002,5713.210902100002.Table.1.selections.txt,21,Moan,593.583537835,593.986584117,20,2000,8192,4096,2048,5713.210902100002_seg0_call_21.npy,Moan
5713.210902100002,5713.210902100002.Table.1.selections.txt,22,Rupe A,705.762808867,705.839247716,20,2000,8192,4096,2048,5713.210902100002_seg0_call_22.npy,Rupe A
5713.210902100002,5713.210902100002.Table.1.selections.txt,23,Moan,558.560590348,559.059691068,20,2000,8192,4096,2048,5713.210902100002_seg0_call_23.npy,Moan
5713.210902100002,5713.210902100002.Table.1.selections.txt,24,Moan,568.067469776,568.211354669,20,2000,8192,4096,2048,5713.210902100002_seg0_call_24.npy,Moan
5713.210902100002,5713.210902100002.Table.1.selections.txt,25,Moan,566.360696467,567.008178481,20,2000,8192,4096,2048,5713.210902100002_seg0_call_25.npy,Moan
5713.210902100002,5713.210902100002.Table.1.selections.txt,26,Moan,595.404621161,595.953182312,20,2000,8192,4096,2048,5713.210902100002_seg0_call_26.npy,Moan
5713.210902100002,5713.210902100002.Table.1.selections.txt,27,Moan,597.207678715,597.693290225,20,2000,8192,4096,2048,5713.210902100002_seg0_call_27.npy,Moan
5713.210902100002,5713.210902100002.Table.1.selections.txt,28,Moan,601.299412716,601.609664514,20,2000,8192,4096,2048,5713.210902100002_seg0_call_28.npy,Moan
5713.210902100002,5713.210902100002.Table.1.selections.txt,29,Moan,604.710742467,605.18286477,20,2000,8192,4096,2048,5713.210902100002_seg0_call_29.npy,Moan
5713.210902100002,5713.210902100002.Table.1.selections.txt,30,Moan,622.309740706,622.754884591,20,2000,8192,4096,2048,5713.210902100002_seg0_call_30.npy,Moan
5713.210902100002,5713.210902100002.Table.1.selections.txt,31,Moan,624.004884591,624.459021282,20,2000,8192,4096,2048,5713.210902100002_seg0_call_31.npy,Moan
5713.210902100002,5713.210902100002.Table.1.selections.txt,32,Moan,625.857394718,626.307035006,20,2000,8192,4096,2048,5713.210902100002_seg0_call_32.npy,Moan
5713.210902100002,5713.210902100002.Table.1.selections.txt,33,Moan,627.9796916,628.312425413,20,2000,8192,4096,2048,5713.210902100002_seg0_call_33.npy,Moan
5713.210902100002,5713.210902100002.Table.1.selections.txt,34,Moan,629.769259946,630.205411025,20,2000,8192,4096,2048,5713.210902100002_seg0_call_34.npy,Moan
5713.210902100002,5713.210902100002.Table.1.selections.txt,35,Moan,631.495871185,632.215295645,20,2000,8192,4096,2048,5713.210902100002_seg0_call_35.npy,Moan
5713.210902100002,5713.210902100002.Table.1.selections.txt,36,Moan,633.258457184,633.950903227,20,2000,8192,4096,2048,5713.210902100002_seg0_call_36.npy,Moan
5713.210902100002,5713.210902100002.Table.1.selections.txt,37,Moan,637.339816302,637.699528532,20,2000,8192,4096,2048,5713.210902100002_seg0_call_37.npy,Moan
5713.210902100002,5713.210902100002.Table.1.selections.txt,38,Moan,639.048445466,639.421646905,20,2000,8192,4096,2048,5713.210902100002_seg0_call_38.npy,Moan
5713.210902100002,5713.210902100002.Table.1.selections.txt,39,Moan,640.689632517,641.364092948,20,2000,8192,4096,2048,5713.210902100002_seg0_call_39.npy,Moan
5713.210902100002,5713.210902100002.Table.1.selections.txt,40,Moan,642.886856563,643.260058002,20,2000,8192,4096,2048,5713.210902100002_seg0_call_40.npy,Moan
5713.210902100002,5713.210902100002.Table.1.selections.txt,41,Moan,646.178220129,646.821205741,20,2000,8192,4096,2048,5713.210902100002_seg0_call_41.npy,Moan
5713.210902100002,5713.210902100002.Table.1.selections.txt,42,Moan,644.474083439,645.058615813,20,2000,8192,4096,2048,5713.210902100002_seg0_call_42.npy,Moan
5713.210902100002,5713.210902100002.Table.1.selections.txt,43,Moan,648.002243326,648.5867757,20,2000,8192,4096,2048,5713.210902100002_seg0_call_43.npy,Moan
5713.210902100002,5713.210902100002.Table.1.selections.txt,44,Moan,649.638930634,650.182995382,20,2000,8192,4096,2048,5713.210902100002_seg0_call_44.npy,Moan
5713.210902100002,5713.210902100002.Table.1.selections.txt,45,Moan,650.839466862,651.068783409,20,2000,8192,4096,2048,5713.210902100002_seg0_call_45.npy,Moan
5713.210902100002,5713.210902100002.Table.1.selections.txt,46,Moan,651.410510028,652.255833769,20,2000,8192,4096,2048,5713.210902100002_seg0_call_46.npy,Moan
5713.210902100002,5713.210902100002.Table.1.selections.txt,47,Moan,653.21356267,653.811584253,20,2000,8192,4096,2048,5713.210902100002_seg0_call_47.npy,Moan
5713.210902100002,5713.210902100002.Table.1.selections.txt,48,Moan,654.310682025,654.674890658,20,2000,8192,4096,2048,5713.210902100002_seg0_call_48.npy,Moan
5713.210902100002,5713.210902100002.Table.1.selections.txt,49,Moan,655.012120874,655.70906332,20,2000,8192,4096,2048,5713.210902100002_seg0_call_49.npy,Moan
5713.210902100002,5713.210902100002.Table.1.selections.txt,50,Moan,656.666792418,657.206360763,20,2000,8192,4096,2048,5713.210902100002_seg0_call_50.npy,Moan
5713.210902100002,5713.210902100002.Table.1.selections.txt,51,Moan,658.676684504,659.229742058,20,2000,8192,4096,2048,5713.210902100002_seg0_call_51.npy,Moan
5713.210902100002,5713.210902100002.Table.1.selections.txt,52,Moan,660.511209216,661.041784755,20,2000,8192,4096,2048,5713.210902100002_seg0_call_52.npy,Moan
5713.210902100002,5713.210902100002.Table.1.selections.txt,53,Moan,662.158609235,662.909508515,20,2000,8192,4096,2048,5713.210902100002_seg0_call_53.npy,Moan
5713.210902100002,5713.210902100002.Table.1.selections.txt,54,Moan,664.271912104,664.775509226,20,2000,8192,4096,2048,5713.210902100002_seg0_call_54.npy,Moan
5713.210902100002,5713.210902100002.Table.1.selections.txt,55,Moan,665.994034406,666.605545197,20,2000,8192,4096,2048,5713.210902100002_seg0_call_55.npy,Moan
5713.210902100002,5713.210902100002.Table.1.selections.txt,56,Moan,667.689171022,668.408595482,20,2000,8192,4096,2048,5713.210902100002_seg0_call_56.npy,Moan
5713.210902100002,5713.210902100002.Table.1.selections.txt,57,Moan,669.42028613,670.036293324,20,2000,8192,4096,2048,5713.210902100002_seg0_call_57.npy,Moan
5713.210902100002,5713.210902100002.Table.1.selections.txt,58,Moan,671.299775067,671.852832621,20,2000,8192,4096,2048,5713.210902100002_seg0_call_58.npy,Moan
5713.210902100002,5713.210902100002.Table.1.selections.txt,59,Moan,673.201753484,673.66488298,20,2000,8192,4096,2048,5713.210902100002_seg0_call_59.npy,Moan
5713.210902100002,5713.210902100002.Table.1.selections.txt,60,Moan,675.724227247,676.043471851,20,2000,8192,4096,2048,5713.210902100002_seg0_call_60.npy,Moan
5713.210902100002,5713.210902100002.Table.1.selections.txt,61,Moan,676.425666096,676.884299189,20,2000,8192,4096,2048,5713.210902100002_seg0_call_61.npy,Moan
5713.210902100002,5713.210902100002.Table.1.selections.txt,62,Moan,680.085729394,680.764686228,20,2000,8192,4096,2048,5713.210902100002_seg0_call_62.npy,Moan
5713.210902100002,5713.210902100002.Table.1.selections.txt,63,Moan,681.020977263,681.511085177,20,2000,8192,4096,2048,5713.210902100002_seg0_call_63.npy,Moan
5713.210902100002,5713.210902100002.Table.1.selections.txt,64,Moan,681.812344169,682.486804601,20,2000,8192,4096,2048,5713.210902100002_seg0_call_64.npy,Moan
5713.210902100002,5713.210902100002.Table.1.selections.txt,65,Moan,683.345610703,683.961617897,20,2000,8192,4096,2048,5713.210902100002_seg0_call_65.npy,Moan
5713.210902100002,5713.210902100002.Table.1.selections.txt,66,Moan,684.42025099,684.62258912,20,2000,8192,4096,2048,5713.210902100002_seg0_call_66.npy,Moan
5713.210902100002,5713.210902100002.Table.1.selections.txt,67,Moan,685.180143077,685.706222213,20,2000,8192,4096,2048,5713.210902100002_seg0_call_67.npy,Moan
5713.210902100002,5713.210902100002.Table.1.selections.txt,68,Moan,686.875281461,687.495785058,20,2000,8192,4096,2048,5713.210902100002_seg0_call_68.npy,Moan
5713.210902100002,5713.210902100002.Table.1.selections.txt,69,Moan,688.646864194,689.31233182,20,2000,8192,4096,2048,5713.210902100002_seg0_call_69.npy,Moan
5713.210902100002,5713.210902100002.Table.1.selections.txt,70,Rupe A,690.481387138,690.544336778,20,2000,8192,4096,2048,5713.210902100002_seg0_call_70.npy,Rupe A
5713.210902100002,5713.210902100002.Table.1.selections.txt,71,Rupe A,690.697214476,690.778149728,20,2000,8192,4096,2048,5713.210902100002_seg0_call_71.npy,Rupe A
5713.210902100002,5713.210902100002.Table.1.selections.txt,72,Rupe A,691.744876347,691.825811598,20,2000,8192,4096,2048,5713.210902100002_seg0_call_72.npy,Rupe A
5713.210902100002,5713.210902100002.Table.1.selections.txt,73,Moan,692.40584757,692.846495052,20,2000,8192,4096,2048,5713.210902100002_seg0_call_73.npy,Moan
5713.210902100002,5713.210902100002.Table.1.selections.txt,74,Moan,690.854588577,691.178329584,20,2000,8192,4096,2048,5713.210902100002_seg0_call_74.npy,Moan
5713.210902100002,5713.210902100002.Table.1.selections.txt,75,Rupe A,697.968045665,698.039988111,20,2000,8192,4096,2048,5713.210902100002_seg0_call_75.npy,Rupe A
5713.210902100002,5713.210902100002.Table.1.selections.txt,76,Rupe A,699.339441666,699.420376918,20,2000,8192,4096,2048,5713.210902100002_seg0_call_76.npy,Rupe A
5713.210902100002,5713.210902100002.Table.1.selections.txt,77,Rupe A,701.52318004,701.58612968,20,2000,8192,4096,2048,5713.210902100002_seg0_call_77.npy,Rupe A
5713.210902100002,5713.210902100002.Table.1.selections.txt,78,Rupe A,701.999798745,702.044762774,20,2000,8192,4096,2048,5713.210902100002_seg0_call_78.npy,Rupe A
5713.210902100002,5713.210902100002.Table.1.selections.txt,79,Rupe A,703.640985795,703.708431838,20,2000,8192,4096,2048,5713.210902100002_seg0_call_79.npy,Rupe A
5713.210902100002,5713.210902100002.Table.1.selections.txt,80,Rupe A,702.948539752,703.015985795,20,2000,8192,4096,2048,5713.210902100002_seg0_call_80.npy,Rupe A
5713.210902100002,5713.210902100002.Table.1.selections.txt,81,Moan,710.24632545,710.763411781,20,2000,8192,4096,2048,5713.210902100002_seg0_call_81.npy,Moan
5713.210902100002,5713.210902100002.Table.1.selections.txt,82,Moan,712.085348333,712.427074951,20,2000,8192,4096,2048,5713.210902100002_seg0_call_82.npy,Moan
5713.210902100002,5713.210902100002.Table.1.selections.txt,83,Moan,713.919875599,714.405487109,20,2000,8192,4096,2048,5713.210902100002_seg0_call_83.npy,Moan
5713.210902100002,5713.210902100002.Table.1.selections.txt,84,Moan,715.691458332,716.284983512,20,2000,8192,4096,2048,5713.210902100002_seg0_call_84.npy,Moan
5713.210902100002,5713.210902100002.Table.1.selections.txt,85,Moan,717.516997901,718.425264209,20,2000,8192,4096,2048,5713.210902100002_seg0_call_85.npy,Moan
5713.210902100002,5713.210902100002.Table.1.selections.txt,86,Moan,719.589832555,720.336235432,20,2000,8192,4096,2048,5713.210902100002_seg0_call_86.npy,Moan
5713.210902100002,5713.210902100002.Table.1.selections.txt,87,Moan,721.505361223,722.184318058,20,2000,8192,4096,2048,5713.210902100002_seg0_call_87.npy,Moan
5713.210902100002,5713.210902100002.Table.1.selections.txt,88,Moan,723.699605827,724.014354029,20,2000,8192,4096,2048,5713.210902100002_seg0_call_88.npy,Moan
5713.210902100002,5713.210902100002.Table.1.selections.txt,89,Moan,727.431610617,727.962186157,20,2000,8192,4096,2048,5713.210902100002_seg0_call_89.npy,Moan
5713.210902100002,5713.210902100002.Table.1.selections.txt,90,Moan,725.570099826,726.132150186,20,2000,8192,4096,2048,5713.210902100002_seg0_call_90.npy,Moan
5713.210902100002,5713.210902100002.Table.1.selections.txt,91,Rupe A,730.945019225,730.99897606,20,2000,8192,4096,2048,5713.210902100002_seg0_call_91.npy,Rupe A
5713.210902100002,5713.210902100002.Table.1.selections.txt,92,Moan,735.351488348,735.877567485,20,2000,8192,4096,2048,5713.210902100002_seg0_call_92.npy,Moan
5713.210902100002,5713.210902100002.Table.1.selections.txt,93,Moan,733.382063887,733.85418619,20,2000,8192,4096,2048,5713.210902100002_seg0_call_93.npy,Moan
5713.210902100002,5713.210902100002.Table.1.selections.txt,94,Moan,737.284930976,737.748060472,20,2000,8192,4096,2048,5713.210902100002_seg0_call_94.npy,Moan
5713.210902100002,5713.210902100002.Table.1.selections.txt,95,Moan,738.917125221,739.77593817,20,2000,8192,4096,2048,5713.210902100002_seg0_call_95.npy,Moan
5713.210902100002,5713.210902100002.Table.1.selections.txt,96,G rupe,740.270538165,740.324494999,20,2000,8192,4096,2048,5713.210902100002_seg0_call_96.npy,G rupe
5713.210902100002,5713.210902100002.Table.1.selections.txt,97,Moan,740.909021872,741.628446333,20,2000,8192,4096,2048,5713.210902100002_seg0_call_97.npy,Moan
5713.210902100002,5713.210902100002.Table.1.selections.txt,98,Moan,742.90542475,743.440496692,20,2000,8192,4096,2048,5713.210902100002_seg0_call_98.npy,Moan
5713.210902100002,5713.210902100002.Table.1.selections.txt,99,Moan,744.753437688,745.337970062,20,2000,8192,4096,2048,5713.210902100002_seg0_call_99.npy,Moan
5713.210902100002,5713.210902100002.Table.1.selections.txt,100,Moan,746.875739846,747.338869343,20,2000,8192,4096,2048,5713.210902100002_seg0_call_100.npy,Moan
5713.210902100002,5713.210902100002.Table.1.selections.txt,101,Moan,748.903609686,749.393717599,20,2000,8192,4096,2048,5713.210902100002_seg0_call_101.npy,Moan
5713.210902100002,5713.210902100002.Table.1.selections.txt,102,Moan,761.30917375,761.727339217,20,2000,8192,4096,2048,5713.210902100002_seg0_call_102.npy,Moan
5713.210902100002,5713.210902100002.Table.1.selections.txt,103,Moan,759.398202527,759.699461519,20,2000,8192,4096,2048,5713.210902100002_seg0_call_103.npy,Moan
5713.210902100002,5713.210902100002.Table.1.selections.txt,104,Moan,765.651250451,766.096394335,20,2000,8192,4096,2048,5713.210902100002_seg0_call_104.npy,Moan
5713.210902100002,5713.210902100002.Table.1.selections.txt,105,Moan,767.773545929,768.209697008,20,2000,8192,4096,2048,5713.210902100002_seg0_call_105.npy,Moan
5713.210902100002,5713.210902100002.Table.1.selections.txt,106,Moan,784.626196694,785.372599572,20,2000,8192,4096,2048,5713.210902100002_seg0_call_106.npy,Moan
5713.210902100002,5713.210902100002.Table.1.selections.txt,107,Moan,782.611808205,783.227815399,20,2000,8192,4096,2048,5713.210902100002_seg0_call_107.npy,Moan
5713.210902100002,5713.210902100002.Table.1.selections.txt,108,Moan,786.577626113,787.063237623,20,2000,8192,4096,2048,5713.210902100002_seg0_call_108.npy,Moan
5713.210902100002,5713.210902100002.Table.1.selections.txt,109,Moan,788.798844812,789.302441934,20,2000,8192,4096,2048,5713.210902100002_seg0_call_109.npy,Moan
5713.210902100002,5713.210902100002.Table.1.selections.txt,110,Moan,789.630679344,790.026362798,20,2000,8192,4096,2048,5713.210902100002_seg0_call_110.npy,Moan
5713.210902100002,5713.210902100002.Table.1.selections.txt,111,Moan,790.502976394,791.060530351,20,2000,8192,4096,2048,5713.210902100002_seg0_call_111.npy,Moan
5713.210902100002,5713.210902100002.Table.1.selections.txt,112,Moan,791.550638265,791.7619692,20,2000,8192,4096,2048,5713.210902100002_seg0_call_112.npy,Moan
5713.210902100002,5713.210902100002.Table.1.selections.txt,113,Moan,792.279055531,792.697220999,20,2000,8192,4096,2048,5713.210902100002_seg0_call_113.npy,Moan
5713.210902100002,5713.210902100002.Table.1.selections.txt,114,Moan,793.857287047,794.419337407,20,2000,8192,4096,2048,5713.210902100002_seg0_call_114.npy,Moan
5713.210902100002,5713.210902100002.Table.1.selections.txt,115,Moan,793.160344601,793.349193522,20,2000,8192,4096,2048,5713.210902100002_seg0_call_115.npy,Moan
5713.210902100002,5713.210902100002.Table.1.selections.txt,116,Moan,795.628866048,796.024549501,20,2000,8192,4096,2048,5713.210902100002_seg0_call_116.npy,Moan
5713.210902100002,5713.210902100002.Table.1.selections.txt,117,Moan,797.202607055,797.908542307,20,2000,8192,4096,2048,5713.210902100002_seg0_call_117.npy,Moan
5713.210902100002,5713.210902100002.Table.1.selections.txt,118,Moan,799.335514654,799.911054222,20,2000,8192,4096,2048,5713.210902100002_seg0_call_118.npy,Moan
5713.210902100002,5713.210902100002.Table.1.selections.txt,119,Moan,801.062133359,801.628680121,20,2000,8192,4096,2048,5713.210902100002_seg0_call_119.npy,Moan
5713.210902100002,5713.210902100002.Table.1.selections.txt,120,Moan,802.730290996,803.34629819,20,2000,8192,4096,2048,5713.210902100002_seg0_call_120.npy,Moan
5713.210902100002,5713.210902100002.Table.1.selections.txt,121,Moan,804.223096752,804.89306078,20,2000,8192,4096,2048,5713.210902100002_seg0_call_121.npy,Moan
5713.210902100002,5713.210902100002.Table.1.selections.txt,122,Moan,806.120571104,806.592693406,20,2000,8192,4096,2048,5713.210902100002_seg0_call_122.npy,Moan
5713.210902100002,5713.210902100002.Table.1.selections.txt,123,Moan,807.991071164,808.679020805,20,2000,8192,4096,2048,5713.210902100002_seg0_call_123.npy,Moan
5713.210902100002,5713.210902100002.Table.1.selections.txt,124,Moan,809.920023677,810.306714324,20,2000,8192,4096,2048,5713.210902100002_seg0_call_124.npy,Moan
5713.210902100002,5713.210902100002.Table.1.selections.txt,125,Moan,811.723081231,812.348081231,20,2000,8192,4096,2048,5713.210902100002_seg0_call_125.npy,Moan
5713.210902100002,5713.210902100002.Table.1.selections.txt,126,Moan,813.926310586,814.497353751,20,2000,8192,4096,2048,5713.210902100002_seg0_call_126.npy,Moan
5713.210902100002,5713.210902100002.Table.1.selections.txt,127,Moan,815.90472294,816.457780494,20,2000,8192,4096,2048,5713.210902100002_seg0_call_127.npy,Moan
5713.210902100002,5713.210902100002.Table.1.selections.txt,128,Moan,817.860654459,818.265330718,20,2000,8192,4096,2048,5713.210902100002_seg0_call_128.npy,Moan
5713.210902100002,5713.210902100002.Table.1.selections.txt,129,Moan,819.803095394,820.162807624,20,2000,8192,4096,2048,5713.210902100002_seg0_call_129.npy,Moan
5713.210902100002,5713.210902100002.Table.1.selections.txt,130,Moan,821.781507945,822.172694995,20,2000,8192,4096,2048,5713.210902100002_seg0_call_130.npy,Moan
5713.210902100002,5713.210902100002.Table.1.selections.txt,131,Moan,823.341756993,823.921792964,20,2000,8192,4096,2048,5713.210902100002_seg0_call_131.npy,Moan
5713.210902100002,5713.210902100002.Table.1.selections.txt,132,Type 4 A,824.614239007,824.875030374,20,2000,8192,4096,2048,5713.210902100002_seg0_call_132.npy,Type 4 A
5713.210902100002,5713.210902100002.Table.1.selections.txt,133,Type 4 A,822.766217425,822.8831239,20,2000,8192,4096,2048,5713.210902100002_seg0_call_133.npy,Type 4 A
5713.210902100002,5713.210902100002.Table.1.selections.txt,134,Moan,829.16779208,829.734338843,20,2000,8192,4096,2048,5713.210902100002_seg0_call_134.npy,Moan
5713.210902100002,5713.210902100002.Table.1.selections.txt,135,Moan,825.575166181,825.997828051,20,2000,8192,4096,2048,5713.210902100002_seg0_call_135.npy,Moan
5713.210902100002,5713.210902100002.Table.1.selections.txt,136,Moan,827.333259706,827.782899994,20,2000,8192,4096,2048,5713.210902100002_seg0_call_136.npy,Moan
5713.210902100002,5713.210902100002.Table.1.selections.txt,137,Moan,830.87636803,831.496871627,20,2000,8192,4096,2048,5713.210902100002_seg0_call_137.npy,Moan
5713.210902100002,5713.210902100002.Table.1.selections.txt,138,Moan,831.897044803,832.324203077,20,2000,8192,4096,2048,5713.210902100002_seg0_call_138.npy,Moan
5713.210902100002,5713.210902100002.Table.1.selections.txt,139,Moan,832.805316809,833.344885154,20,2000,8192,4096,2048,5713.210902100002_seg0_call_139.npy,Moan
5713.210902100002,5713.210902100002.Table.1.selections.txt,140,Rupe A,835.38624931,835.458191756,20,2000,8192,4096,2048,5713.210902100002_seg0_call_140.npy,Rupe A
5713.210902100002,5713.210902100002.Table.1.selections.txt,141,Rupe A,836.128155785,836.186609023,20,2000,8192,4096,2048,5713.210902100002_seg0_call_141.npy,Rupe A
5713.210902100002,5713.210902100002.Table.1.selections.txt,142,Rupe A,834.149738519,834.221680965,20,2000,8192,4096,2048,5713.210902100002_seg0_call_142.npy,Rupe A
5713.210902100002,5713.210902100002.Table.1.selections.txt,143,Moan,834.482472332,835.098479526,20,2000,8192,4096,2048,5713.210902100002_seg0_call_143.npy,Moan
5713.210902100002,5713.210902100002.Table.1.selections.txt,144,Rupe A,837.477073112,837.589483184,20,2000,8192,4096,2048,5713.210902100002_seg0_call_144.npy,Rupe A
5713.210902100002,5713.210902100002.Table.1.selections.txt,145,Moan,836.47437527,836.852073112,20,2000,8192,4096,2048,5713.210902100002_seg0_call_145.npy,Moan
5713.210902100002,5713.210902100002.Table.1.selections.txt,146,Moan,842.37364897,842.634440337,20,2000,8192,4096,2048,5713.210902100002_seg0_call_146.npy,Moan
5713.210902100002,5713.210902100002.Table.1.selections.txt,147,Moan,846.474358571,846.816085189,20,2000,8192,4096,2048,5713.210902100002_seg0_call_147.npy,Moan
5713.210902100002,5713.210902100002.Table.1.selections.txt,148,Moan,848.313383025,848.628131227,20,2000,8192,4096,2048,5713.210902100002_seg0_call_148.npy,Moan
5713.210902100002,5713.210902100002.Table.1.selections.txt,149,Moan,850.147906952,850.584058031,20,2000,8192,4096,2048,5713.210902100002_seg0_call_149.npy,Moan
5713.210902100002,5713.210902100002.Table.1.selections.txt,150,Moan,859.184386182,859.63402647,20,2000,8192,4096,2048,5713.210902100002_seg0_call_150.npy,Moan
5713.210902100002,5713.210902100002.Table.1.selections.txt,151,Moan,857.448774671,858.015321434,20,2000,8192,4096,2048,5713.210902100002_seg0_call_151.npy,Moan
5713.210902100002,5713.210902100002.Table.1.selections.txt,152,Moan,860.946967269,861.500024823,20,2000,8192,4096,2048,5713.210902100002_seg0_call_152.npy,Moan
5713.210902100002,5713.210902100002.Table.1.selections.txt,153,Moan,865.169080337,865.524296165,20,2000,8192,4096,2048,5713.210902100002_seg0_call_153.npy,Moan
5713.210902100002,5713.210902100002.Table.1.selections.txt,154,Moan,866.697853583,867.169975885,20,2000,8192,4096,2048,5713.210902100002_seg0_call_154.npy,Moan
5713.210902100002,5713.210902100002.Table.1.selections.txt,155,Moan,868.734721139,869.25180747,20,2000,8192,4096,2048,5713.210902100002_seg0_call_155.npy,Moan
5713.210902100002,5713.210902100002.Table.1.selections.txt,156,Rupe A,870.717630093,870.834536568,20,2000,8192,4096,2048,5713.210902100002_seg0_call_156.npy,Rupe A
5713.210902100002,5713.210902100002.Table.1.selections.txt,157,Moan,878.244598715,878.788663464,20,2000,8192,4096,2048,5713.210902100002_seg0_call_157.npy,Moan
5713.210902100002,5713.210902100002.Table.1.selections.txt,158,Moan,874.64298001,875.133087924,20,2000,8192,4096,2048,5713.210902100002_seg0_call_158.npy,Moan
5713.210902100002,5713.210902100002.Table.1.selections.txt,159,Moan,882.06652957,882.673543958,20,2000,8192,4096,2048,5713.210902100002_seg0_call_159.npy,Moan
5713.210902100002,5713.210902100002.Table.1.selections.txt,160,Moan,880.28595403,880.870486404,20,2000,8192,4096,2048,5713.210902100002_seg0_call_160.npy,Moan
5713.210902100002,5713.210902100002.Table.1.selections.txt,161,Moan,883.712205165,884.004471352,20,2000,8192,4096,2048,5713.210902100002_seg0_call_161.npy,Moan
5713.210902100002,5713.210902100002.Table.1.selections.txt,162,Moan,885.861481811,886.472992602,20,2000,8192,4096,2048,5713.210902100002_seg0_call_162.npy,Moan
5713.210902100002,5713.210902100002.Table.1.selections.txt,163,Moan,887.502664146,887.893851196,20,2000,8192,4096,2048,5713.210902100002_seg0_call_163.npy,Moan
5713.210902100002,5713.210902100002.Table.1.selections.txt,164,Moan,891.540424696,891.886647718,20,2000,8192,4096,2048,5713.210902100002_seg0_call_164.npy,Moan
5713.210902100002,5713.210902100002.Table.1.selections.txt,165,G rupe,893.132148957,893.716681331,20,2000,8192,4096,2048,5713.210902100002_seg0_call_165.npy,G rupe
5713.210902100002,5713.210902100002.Table.1.selections.txt,166,Moan,894.76433888,895.290418016,20,2000,8192,4096,2048,5713.210902100002_seg0_call_166.npy,Moan
5713.210902100002,5713.210902100002.Table.1.selections.txt,167,Moan,896.320090542,896.760738024,20,2000,8192,4096,2048,5713.210902100002_seg0_call_167.npy,Moan
5713.210902100002,5713.210902100002.Table.1.selections.txt,168,Moan,898.132137562,898.70767713,20,2000,8192,4096,2048,5713.210902100002_seg0_call_168.npy,Moan
5713.210902100002,5713.210902100002.Table.1.selections.txt,169,Moan,900.079075686,900.506233959,20,2000,8192,4096,2048,5713.210902100002_seg0_call_169.npy,Moan
5713.210902100002,5713.210902100002.Table.1.selections.txt,170,Moan,901.643820744,902.115943046,20,2000,8192,4096,2048,5713.210902100002_seg0_call_170.npy,Moan
5713.210902100002,5713.210902100002.Table.1.selections.txt,171,Moan,903.622233688,904.12583081,20,2000,8192,4096,2048,5713.210902100002_seg0_call_171.npy,Moan
5713.210902100002,5713.210902100002.Table.1.selections.txt,172,Moan,905.164499875,905.789499875,20,2000,8192,4096,2048,5713.210902100002_seg0_call_172.npy,Moan
5713.210902100002,5713.210902100002.Table.1.selections.txt,173,Moan,910.937864667,911.495418623,20,2000,8192,4096,2048,5713.210902100002_seg0_call_173.npy,Moan
5713.210902100002,5713.210902100002.Table.1.selections.txt,174,Moan,914.913665318,915.309348771,20,2000,8192,4096,2048,5713.210902100002_seg0_call_174.npy,Moan
5713.210902100002,5713.210902100002.Table.1.selections.txt,175,Moan,916.703229889,917.044956508,20,2000,8192,4096,2048,5713.210902100002_seg0_call_175.npy,Moan
5713.210902100002,5713.210902100002.Table.1.selections.txt,176,Moan,918.560244278,919.072834206,20,2000,8192,4096,2048,5713.210902100002_seg0_call_176.npy,Moan
5713.210902100002,5713.210902100002.Table.1.selections.txt,177,Moan,920.5611357,920.992790376,20,2000,8192,4096,2048,5713.210902100002_seg0_call_177.npy,Moan
5713.210902100002,5713.210902100002.Table.1.selections.txt,178,Type 4 A,926.345936412,926.543778139,20,2000,8192,4096,2048,5713.210902100002_seg0_call_178.npy,Type 4 A
5713.210902100002,5713.210902100002.Table.1.selections.txt,179,Moan,933.265891432,933.738013734,20,2000,8192,4096,2048,5713.210902100002_seg0_call_179.npy,Moan
5713.210902100002,5713.210902100002.Table.1.selections.txt,180,Moan,934.842705201,935.260870668,20,2000,8192,4096,2048,5713.210902100002_seg0_call_180.npy,Moan
5713.210902100002,5713.210902100002.Table.1.selections.txt,181,Moan,939.698808352,940.31931195,20,2000,8192,4096,2048,5713.210902100002_seg0_call_181.npy,Moan
5713.210902100002,5713.210902100002.Table.1.selections.txt,182,Moan,943.570203175,943.916426197,20,2000,8192,4096,2048,5713.210902100002_seg0_call_182.npy,Moan
5713.210902100002,5713.210902100002.Table.1.selections.txt,183,Moan,945.3282967,945.68800893,20,2000,8192,4096,2048,5713.210902100002_seg0_call_183.npy,Moan
5713.210902100002,5713.210902100002.Table.1.selections.txt,184,Moan,952.886737364,953.28691722,20,2000,8192,4096,2048,5713.210902100002_seg0_call_184.npy,Moan
5713.210902100002,5713.210902100002.Table.1.selections.txt,185,Moan,949.698787723,949.910118659,20,2000,8192,4096,2048,5713.210902100002_seg0_call_185.npy,Moan
5713.210902100002,5713.210902100002.Table.1.selections.txt,186,Moan,954.707769527,955.229352261,20,2000,8192,4096,2048,5713.210902100002_seg0_call_186.npy,Moan
5713.210902100002,5713.210902100002.Table.1.selections.txt,187,Rupe A,955.719460175,955.791402621,20,2000,8192,4096,2048,5713.210902100002_seg0_call_187.npy,Rupe A
5713.210902100002,5713.210902100002.Table.1.selections.txt,188,Moan,956.411906218,956.897517729,20,2000,8192,4096,2048,5713.210902100002_seg0_call_188.npy,Moan
5713.210902100002,5713.210902100002.Table.1.selections.txt,189,Rupe A,958.017114972,958.089057418,20,2000,8192,4096,2048,5713.210902100002_seg0_call_189.npy,Rupe A
5713.210902100002,5713.210902100002.Table.1.selections.txt,190,Rupe A,959.698767094,959.752723929,20,2000,8192,4096,2048,5713.210902100002_seg0_call_190.npy,Rupe A
5713.210902100002,5713.210902100002.Table.1.selections.txt,191,Moan,961.928979189,962.500022354,20,2000,8192,4096,2048,5713.210902100002_seg0_call_191.npy,Moan
5713.210902100002,5713.210902100002.Table.1.selections.txt,192,Moan,960.116928829,960.431677031,20,2000,8192,4096,2048,5713.210902100002_seg0_call_192.npy,Moan
5713.210902100002,5713.210902100002.Table.1.selections.txt,193,Moan,965.54408003,966.146598015,20,2000,8192,4096,2048,5713.210902100002_seg0_call_193.npy,Moan
5713.210902100002,5713.210902100002.Table.1.selections.txt,194,Type 4 A,979.205973725,979.390326243,20,2000,8192,4096,2048,5713.210902100002_seg0_call_194.npy,Type 4 A
5713.210902100002,5713.210902100002.Table.1.selections.txt,195,Rupe A,982.173595891,982.236545532,20,2000,8192,4096,2048,5713.210902100002_seg0_call_195.npy,Rupe A
5713.210902100002,5713.210902100002.Table.1.selections.txt,196,Moan,981.116941215,981.535106683,20,2000,8192,4096,2048,5713.210902100002_seg0_call_196.npy,Moan
5713.210902100002,5713.210902100002.Table.1.selections.txt,197,Moan,982.839058802,983.275209881,20,2000,8192,4096,2048,5713.210902100002_seg0_call_197.npy,Moan
5713.210902100002,5713.210902100002.Table.1.selections.txt,198,Moan,984.696070047,985.127724723,20,2000,8192,4096,2048,5713.210902100002_seg0_call_198.npy,Moan
5713.210902100002,5713.210902100002.Table.1.selections.txt,199,Moan,994.307990981,994.74414206,20,2000,8192,4096,2048,5713.210902100002_seg0_call_199.npy,Moan
5713.210902100002,5713.210902100002.Table.1.selections.txt,200,Moan,996.133527799,996.924894705,20,2000,8192,4096,2048,5713.210902100002_seg0_call_200.npy,Moan
5713.210902100002,5713.210902100002.Table.1.selections.txt,201,Moan,1004.048380546,1004.507013639,20,2000,8192,4096,2048,5713.210902100002_seg0_call_201.npy,Moan
5713.210902100002,5713.210902100002.Table.1.selections.txt,202,Moan,1007.924270739,1008.427867861,20,2000,8192,4096,2048,5713.210902100002_seg0_call_202.npy,Moan
5713.210902100002,5713.210902100002.Table.1.selections.txt,203,Moan,1009.489015011,1010.082540191,20,2000,8192,4096,2048,5713.210902100002_seg0_call_203.npy,Moan
5713.210902100002,5713.210902100002.Table.1.selections.txt,204,Moan,1012.721924357,1013.189550257,20,2000,8192,4096,2048,5713.210902100002_seg0_call_204.npy,Moan
5713.210902100002,5713.210902100002.Table.1.selections.txt,205,Moan,1016.525871369,1016.966518851,20,2000,8192,4096,2048,5713.210902100002_seg0_call_205.npy,Moan
5713.210902100002,5713.210902100002.Table.1.selections.txt,206,Moan,1023.468767462,1024.138731491,20,2000,8192,4096,2048,5713.210902100002_seg0_call_206.npy,Moan
5713.210902100002,5713.210902100002.Table.1.selections.txt,207,Moan,1025.307791946,1025.743943025,20,2000,8192,4096,2048,5713.210902100002_seg0_call_207.npy,Moan
5713.210902100002,5713.210902100002.Table.1.selections.txt,208,Moan,1032.376117597,1032.803275871,20,2000,8192,4096,2048,5713.210902100002_seg0_call_208.npy,Moan
5713.210902100002,5713.210902100002.Table.1.selections.txt,209,Moan,1039.507383657,1039.912059916,20,2000,8192,4096,2048,5713.210902100002_seg0_call_209.npy,Moan
5713.210902100002,5713.210902100002.Table.1.selections.txt,210,Moan,1044.807305361,1045.216478023,20,2000,8192,4096,2048,5713.210902100002_seg0_call_210.npy,Moan
5713.210902100002,5713.210902100002.Table.1.selections.txt,211,Rupe A,1044.16431975,1044.254247807,20,2000,8192,4096,2048,5713.210902100002_seg0_call_211.npy,Rupe A
5713.210902100002,5713.210902100002.Table.1.selections.txt,212,Moan,1048.413405035,1048.840563308,20,2000,8192,4096,2048,5713.210902100002_seg0_call_212.npy,Moan
5713.210902100002,5713.210902100002.Table.1.selections.txt,213,Rupe A,1049.231750358,1049.308189207,20,2000,8192,4096,2048,5713.210902100002_seg0_call_213.npy,Rupe A
5713.210902100002,5713.210902100002.Table.1.selections.txt,214,Moan,1050.19397325,1050.45926102,20,2000,8192,4096,2048,5713.210902100002_seg0_call_214.npy,Moan
5713.210902100002,5713.210902100002.Table.1.selections.txt,215,Moan,1057.434826875,1058.037344861,20,2000,8192,4096,2048,5713.210902100002_seg0_call_215.npy,Moan
5713.210902100002,5713.210902100002.Table.1.selections.txt,216,Moan,1059.377272918,1059.939323278,20,2000,8192,4096,2048,5713.210902100002_seg0_call_216.npy,Moan
5713.210902100002,5713.210902100002.Table.1.selections.txt,217,Moan,1067.097564472,1067.632636414,20,2000,8192,4096,2048,5713.210902100002_seg0_call_217.npy,Moan
5713.210902100002,5713.210902100002.Table.1.selections.txt,218,Moan,1065.456377421,1065.991449364,20,2000,8192,4096,2048,5713.210902100002_seg0_call_218.npy,Moan
5713.210902100002,5713.210902100002.Table.1.selections.txt,219,Moan,1070.436928984,1071.214806682,20,2000,8192,4096,2048,5713.210902100002_seg0_call_219.npy,Moan
5713.210902100002,5713.210902100002.Table.1.selections.txt,220,Moan,1072.509763358,1072.896454005,20,2000,8192,4096,2048,5713.210902100002_seg0_call_220.npy,Moan
5713.210902100002,5713.210902100002.Table.1.selections.txt,221,Moan,1074.110482782,1074.748971991,20,2000,8192,4096,2048,5713.210902100002_seg0_call_221.npy,Moan
5713.210902100002,5713.210902100002.Table.1.selections.txt,222,Moan,1077.55471734,1078.098782088,20,2000,8192,4096,2048,5713.210902100002_seg0_call_222.npy,Moan
5713.210902100002,5713.210902100002.Table.1.selections.txt,223,Moan,1076.052918779,1076.322702952,20,2000,8192,4096,2048,5713.210902100002_seg0_call_223.npy,Moan
5713.210902100002,5713.210902100002.Table.1.selections.txt,224,Moan,1079.128446757,1079.771432369,20,2000,8192,4096,2048,5713.210902100002_seg0_call_224.npy,Moan
5713.210902100002,5713.210902100002.Table.1.selections.txt,225,Moan,1080.922511506,1081.565497117,20,2000,8192,4096,2048,5713.210902100002_seg0_call_225.npy,Moan
5713.210902100002,5713.210902100002.Table.1.selections.txt,226,Moan,1082.617643604,1083.274118424,20,2000,8192,4096,2048,5713.210902100002_seg0_call_226.npy,Moan
5713.210902100002,5713.210902100002.Table.1.selections.txt,227,Moan,1083.575377417,1084.011528496,20,2000,8192,4096,2048,5713.210902100002_seg0_call_227.npy,Moan
5713.210902100002,5713.210902100002.Table.1.selections.txt,228,Moan,1084.321780295,1084.897319863,20,2000,8192,4096,2048,5713.210902100002_seg0_call_228.npy,Moan
5713.210902100002,5713.210902100002.Table.1.selections.txt,229,Moan,1086.201265136,1086.72284787,20,2000,8192,4096,2048,5713.210902100002_seg0_call_229.npy,Moan
5713.210902100002,5713.210902100002.Table.1.selections.txt,230,Moan,1088.080761539,1088.548387438,20,2000,8192,4096,2048,5713.210902100002_seg0_call_230.npy,Moan
5713.210902100002,5713.210902100002.Table.1.selections.txt,231,Moan,1089.618520126,1090.301973363,20,2000,8192,4096,2048,5713.210902100002_seg0_call_231.npy,Moan
5713.210902100002,5713.210902100002.Table.1.selections.txt,232,Moan,1090.49981509,1090.73362804,20,2000,8192,4096,2048,5713.210902100002_seg0_call_232.npy,Moan
5713.210902100002,5713.210902100002.Table.1.selections.txt,233,Moan,1091.255210773,1091.87571437,20,2000,8192,4096,2048,5713.210902100002_seg0_call_233.npy,Moan
5713.210902100002,5713.210902100002.Table.1.selections.txt,234,Moan,1092.230930198,1092.401793507,20,2000,8192,4096,2048,5713.210902100002_seg0_call_234.npy,Moan
5713.210902100002,5713.210902100002.Table.1.selections.txt,235,Moan,1098.422689324,1099.043192921,20,2000,8192,4096,2048,5713.210902100002_seg0_call_235.npy,Moan
5713.210902100002,5713.210902100002.Table.1.selections.txt,236,Moan,1099.812072397,1100.455058008,20,2000,8192,4096,2048,5713.210902100002_seg0_call_236.npy,Moan
5713.210902100002,5713.210902100002.Table.1.selections.txt,237,Moan,1101.57465921,1102.19965921,20,2000,8192,4096,2048,5713.210902100002_seg0_call_237.npy,Moan
5713.210902100002,5713.210902100002.Table.1.selections.txt,238,Moan,1103.199436967,1103.932350636,20,2000,8192,4096,2048,5713.210902100002_seg0_call_238.npy,Moan
5713.210902100002,5713.210902100002.Table.1.selections.txt,239,Moan,1105.191343442,1105.901775097,20,2000,8192,4096,2048,5713.210902100002_seg0_call_239.npy,Moan
5713.210902100002,5713.210902100002.Table.1.selections.txt,240,Moan,1107.397534559,1107.779728803,20,2000,8192,4096,2048,5713.210902100002_seg0_call_240.npy,Moan
5713.210902100002,5713.210902100002.Table.1.selections.txt,241,Rupe A,1108.161923048,1108.314800746,20,2000,8192,4096,2048,5713.210902100002_seg0_call_241.npy,Rupe A
5713.210902100002,5713.210902100002.Table.1.selections.txt,242,Moan,1110.697884477,1111.17000678,20,2000,8192,4096,2048,5713.210902100002_seg0_call_242.npy,Moan
5713.210902100002,5713.210902100002.Table.1.selections.txt,243,G rupe,1112.653809879,1113.116939376,20,2000,8192,4096,2048,5713.210902100002_seg0_call_243.npy,G rupe
5713.210902100002,5713.210902100002.Table.1.selections.txt,244,Moan,1116.09812818,1116.471329619,20,2000,8192,4096,2048,5713.210902100002_seg0_call_244.npy,Moan
5713.210902100002,5713.210902100002.Table.1.selections.txt,245,Moan,1119.861609082,1120.468623471,20,2000,8192,4096,2048,5713.210902100002_seg0_call_245.npy,Moan
5713.210902100002,5713.210902100002.Table.1.selections.txt,246,Moan,1125.230285607,1125.558523017,20,2000,8192,4096,2048,5713.210902100002_seg0_call_246.npy,Moan
5713.210902100002,5713.210902100002.Table.1.selections.txt,247,Moan,1128.656539408,1129.007258833,20,2000,8192,4096,2048,5713.210902100002_seg0_call_247.npy,Moan
5713.210902100002,5713.210902100002.Table.1.selections.txt,248,Moan,1130.095388329,1130.54952502,20,2000,8192,4096,2048,5713.210902100002_seg0_call_248.npy,Moan
5713.210902100002,5713.210902100002.Table.1.selections.txt,249,Moan,1131.902924354,1132.473967519,20,2000,8192,4096,2048,5713.210902100002_seg0_call_249.npy,Moan
5713.210902100002,5713.210902100002.Table.1.selections.txt,250,G rupe,1133.791406799,1134.227557879,20,2000,8192,4096,2048,5713.210902100002_seg0_call_250.npy,G rupe
5713.210902100002,5713.210902100002.Table.1.selections.txt,251,Moan,1135.279712083,1135.999136543,20,2000,8192,4096,2048,5713.210902100002_seg0_call_251.npy,Moan
5713.210902100002,5713.210902100002.Table.1.selections.txt,252,Moan,1136.925395536,1137.595359565,20,2000,8192,4096,2048,5713.210902100002_seg0_call_252.npy,Moan
5713.210902100002,5713.210902100002.Table.1.selections.txt,253,Moan,1138.625035824,1139.223057406,20,2000,8192,4096,2048,5713.210902100002_seg0_call_253.npy,Moan
5713.210902100002,5713.210902100002.Table.1.selections.txt,254,Rupe A,1136.498237263,1136.655611363,20,2000,8192,4096,2048,5713.210902100002_seg0_call_254.npy,Rupe A
5713.210902100002,5713.210902100002.Table.1.selections.txt,255,Moan,1140.270700784,1140.828254741,20,2000,8192,4096,2048,5713.210902100002_seg0_call_255.npy,Moan
5713.210902100002,5713.210902100002.Table.1.selections.txt,256,Moan,1142.267103662,1142.752715172,20,2000,8192,4096,2048,5713.210902100002_seg0_call_256.npy,Moan
5713.210902100002,5713.210902100002.Table.1.selections.txt,257,Moan,1143.917283518,1144.425377043,20,2000,8192,4096,2048,5713.210902100002_seg0_call_257.npy,Moan
5713.210902100002,5713.210902100002.Table.1.selections.txt,258,Moan,1145.51798706,1145.981116556,20,2000,8192,4096,2048,5713.210902100002_seg0_call_258.npy,Moan
5713.210902100002,5713.210902100002.Table.1.selections.txt,259,Moan,1147.298562599,1147.730217276,20,2000,8192,4096,2048,5713.210902100002_seg0_call_259.npy,Moan
5713.210902100002,5713.210902100002.Table.1.selections.txt,260,Moan,1148.98020142,1149.533258974,20,2000,8192,4096,2048,5713.210902100002_seg0_call_260.npy,Moan
5713.210902100002,5713.210902100002.Table.1.selections.txt,261,Moan,1153.863279539,1154.227488172,20,2000,8192,4096,2048,5713.210902100002_seg0_call_261.npy,Moan
5713.210902100002,5713.210902100002.Table.1.selections.txt,262,Moan,1155.526939315,1155.882155142,20,2000,8192,4096,2048,5713.210902100002_seg0_call_262.npy,Moan
5713.210902100002,5713.210902100002.Table.1.selections.txt,263,Moan,1156.920824207,1157.446903344,20,2000,8192,4096,2048,5713.210902100002_seg0_call_263.npy,Moan
5713.210902100002,5713.210902100002.Table.1.selections.txt,264,Moan,1162.349901742,1162.95691613,20,2000,8192,4096,2048,5713.210902100002_seg0_call_264.npy,Moan
5713.210902100002,5713.210902100002.Table.1.selections.txt,265,Moan,1164.193426922,1164.661052821,20,2000,8192,4096,2048,5713.210902100002_seg0_call_265.npy,Moan
5713.210902100002,5713.210902100002.Table.1.selections.txt,266,Moan,1177.628723171,1178.096349071,20,2000,8192,4096,2048,5713.210902100002_seg0_call_266.npy,Moan
5713.210902100002,5713.210902100002.Table.1.selections.txt,267,Moan,1179.647597444,1179.957849243,20,2000,8192,4096,2048,5713.210902100002_seg0_call_267.npy,Moan
5713.210902100002,5713.210902100002.Table.1.selections.txt,268,Moan,1183.613415185,1183.941652595,20,2000,8192,4096,2048,5713.210902100002_seg0_call_268.npy,Moan
5713.210902100002,5713.210902100002.Table.1.selections.txt,269,Moan,1185.209626027,1185.722215955,20,2000,8192,4096,2048,5713.210902100002_seg0_call_269.npy,Moan
5713.210902100002,5713.210902100002.Table.1.selections.txt,270,Moan,1189.004576558,1189.436231234,20,2000,8192,4096,2048,5713.210902100002_seg0_call_270.npy,Moan
5713.210902100002,5713.210902100002.Table.1.selections.txt,271,Moan,1190.812123752,1191.495576989,20,2000,8192,4096,2048,5713.210902100002_seg0_call_271.npy,Moan
5713.210902100002,5713.210902100002.Table.1.selections.txt,272,Moan,1194.575607348,1195.065715261,20,2000,8192,4096,2048,5713.210902100002_seg0_call_272.npy,Moan
5713.210902100002,5713.210902100002.Table.1.selections.txt,0,no-call,766.6554668274442,767.6554668274442,20,2000,8192,4096,2048,5713.210902100002_seg0_nocall_0.npy,no-call
5713.210902100002,5713.210902100002.Table.1.selections.txt,1,no-call,29.987220221586643,30.987220221586643,20,2000,8192,4096,2048,5713.210902100002_seg0_nocall_1.npy,no-call
5713.210902100002,5713.210902100002.Table.1.selections.txt,2,no-call,329.752726932978,330.752726932978,20,2000,8192,4096,2048,5713.210902100002_seg0_nocall_2.npy,no-call
5713.210902110002,5713.210902110002.Table.1.selections.txt,0,Type 4 A,139.054770132,139.162683802,20,2000,8192,4096,2048,5713.210902110002_seg0_call_0.npy,Type 4 A
5713.210902110002,5713.210902110002.Table.1.selections.txt,1,Rupe C,136.424374449,136.953196597,20,2000,8192,4096,2048,5713.210902110002_seg0_call_1.npy,Rupe C
5713.210902110002,5713.210902110002.Table.1.selections.txt,2,Moan,141.637244204,142.01635352,20,2000,8192,4096,2048,5713.210902110002_seg0_call_2.npy,Moan
5713.210902110002,5713.210902110002.Table.1.selections.txt,3,Moan,176.5459236,176.796172233,20,2000,8192,4096,2048,5713.210902110002_seg0_call_3.npy,Moan
5713.210902110002,5713.210902110002.Table.1.selections.txt,4,Moan,210.555519598,211.194789004,20,2000,8192,4096,2048,5713.210902110002_seg0_call_4.npy,Moan
5713.210902110002,5713.210902110002.Table.1.selections.txt,5,Moan,211.578350648,212.582916858,20,2000,8192,4096,2048,5713.210902110002_seg0_call_5.npy,Moan
5713.210902110002,5713.210902110002.Table.1.selections.txt,6,Moan,229.704284602,230.069581405,20,2000,8192,4096,2048,5713.210902110002_seg0_call_6.npy,Moan
5713.210902110002,5713.210902110002.Table.1.selections.txt,7,Moan,258.292248725,259.342834848,20,2000,8192,4096,2048,5713.210902110002_seg0_call_7.npy,Moan
5713.210902110002,5713.210902110002.Table.1.selections.txt,8,Moan,276.556690978,277.293637147,20,2000,8192,4096,2048,5713.210902110002_seg0_call_8.npy,Moan
5713.210902110002,5713.210902110002.Table.1.selections.txt,9,Moan,282.883410016,283.26697166,20,2000,8192,4096,2048,5713.210902110002_seg0_call_9.npy,Moan
5713.210902110002,5713.210902110002.Table.1.selections.txt,10,Moan,297.180269846,297.850233875,20,2000,8192,4096,2048,5713.210902110002_seg0_call_10.npy,Moan
5713.210902110002,5713.210902110002.Table.1.selections.txt,11,Moan,339.732884407,340.218499531,20,2000,8192,4096,2048,5713.210902110002_seg0_call_11.npy,Moan
5713.210902110002,5713.210902110002.Table.1.selections.txt,12,Moan,343.172646974,343.865093017,20,2000,8192,4096,2048,5713.210902110002_seg0_call_12.npy,Moan
5713.210902110002,5713.210902110002.Table.1.selections.txt,13,Moan,346.923330363,347.344986189,20,2000,8192,4096,2048,5713.210902110002_seg0_call_13.npy,Moan
5713.210902110002,5713.210902110002.Table.1.selections.txt,14,Moan,348.023943024,348.722417121,20,2000,8192,4096,2048,5713.210902110002_seg0_call_14.npy,Moan
5713.210902110002,5713.210902110002.Table.1.selections.txt,15,Moan,349.800042692,350.338855478,20,2000,8192,4096,2048,5713.210902110002_seg0_call_15.npy,Moan
5713.210902110002,5713.210902110002.Table.1.selections.txt,16,Moan,351.261229907,352.055750455,20,2000,8192,4096,2048,5713.210902110002_seg0_call_16.npy,Moan
5713.210902110002,5713.210902110002.Table.1.selections.txt,17,Moan,353.197302966,353.836572373,20,2000,8192,4096,2048,5713.210902110002_seg0_call_17.npy,Moan
5713.210902110002,5713.210902110002.Table.1.selections.txt,18,Moan,370.752063789,371.053433652,20,2000,8192,4096,2048,5713.210902110002_seg0_call_18.npy,Moan
5713.210902110002,5713.210902110002.Table.1.selections.txt,19,Moan,398.63055653,399.041515434,20,2000,8192,4096,2048,5713.210902110002_seg0_call_19.npy,Moan
5713.210902110002,5713.210902110002.Table.1.selections.txt,20,Moan,501.32505517,502.274826859,20,2000,8192,4096,2048,5713.210902110002_seg0_call_20.npy,Moan
5713.210902110002,5713.210902110002.Table.1.selections.txt,21,Moan,498.786242384,498.996288046,20,2000,8192,4096,2048,5713.210902110002_seg0_call_21.npy,Moan
5713.210902110002,5713.210902110002.Table.1.selections.txt,22,Moan,523.642367871,524.002080101,20,2000,8192,4096,2048,5713.210902110002_seg0_call_22.npy,Moan
5713.210902110002,5713.210902110002.Table.1.selections.txt,23,Moan,614.271048289,614.755066554,20,2000,8192,4096,2048,5713.210902110002_seg0_call_23.npy,Moan
5713.210902110002,5713.210902110002.Table.1.selections.txt,24,Moan,683.647551345,684.398275307,20,2000,8192,4096,2048,5713.210902110002_seg0_call_24.npy,Moan
5713.210902110002,5713.210902110002.Table.1.selections.txt,25,Moan,718.418171379,719.109220167,20,2000,8192,4096,2048,5713.210902110002_seg0_call_25.npy,Moan
5713.210902110002,5713.210902110002.Table.1.selections.txt,26,Moan,739.413491197,739.786692636,20,2000,8192,4096,2048,5713.210902110002_seg0_call_26.npy,Moan
5713.210902110002,5713.210902110002.Table.1.selections.txt,27,Moan,126.95936181,127.377527278,20,2000,8192,4096,2048,5713.210902110002_seg0_call_27.npy,Moan
5713.210902110002,5713.210902110002.Table.1.selections.txt,28,Moan,132.074784412,132.722266427,20,2000,8192,4096,2048,5713.210902110002_seg0_call_28.npy,Moan
5713.210902110002,5713.210902110002.Table.1.selections.txt,29,Moan,134.098167353,134.556800446,20,2000,8192,4096,2048,5713.210902110002_seg0_call_29.npy,Moan
5713.210902110002,5713.210902110002.Table.1.selections.txt,30,Moan,140.019949802,140.442611673,20,2000,8192,4096,2048,5713.210902110002_seg0_call_30.npy,Moan
5713.210902110002,5713.210902110002.Table.1.selections.txt,31,Type 4 A,195.056112798,195.222479704,20,2000,8192,4096,2048,5713.210902110002_seg0_call_31.npy,Type 4 A
5713.210902110002,5713.210902110002.Table.1.selections.txt,32,Moan,239.536184204,239.743018736,20,2000,8192,4096,2048,5713.210902110002_seg0_call_32.npy,Moan
5713.210902110002,5713.210902110002.Table.1.selections.txt,33,Moan,283.51583832,283.871054147,20,2000,8192,4096,2048,5713.210902110002_seg0_call_33.npy,Moan
5713.210902110002,5713.210902110002.Table.1.selections.txt,34,Moan,284.388140478,284.774831126,20,2000,8192,4096,2048,5713.210902110002_seg0_call_34.npy,Moan
5713.210902110002,5713.210902110002.Table.1.selections.txt,35,Moan,274.262014116,274.639711958,20,2000,8192,4096,2048,5713.210902110002_seg0_call_35.npy,Moan
5713.210902110002,5713.210902110002.Table.1.selections.txt,36,Moan,275.889711958,276.190970951,20,2000,8192,4096,2048,5713.210902110002_seg0_call_36.npy,Moan
5713.210902110002,5713.210902110002.Table.1.selections.txt,37,Moan,277.508416994,277.84564721,20,2000,8192,4096,2048,5713.210902110002_seg0_call_37.npy,Moan
5713.210902110002,5713.210902110002.Table.1.selections.txt,38,Moan,285.246725296,285.390610188,20,2000,8192,4096,2048,5713.210902110002_seg0_call_38.npy,Moan
5713.210902110002,5713.210902110002.Table.1.selections.txt,39,Moan,317.414147311,317.922240836,20,2000,8192,4096,2048,5713.210902110002_seg0_call_39.npy,Moan
5713.210902110002,5713.210902110002.Table.1.selections.txt,40,Moan,322.929740792,323.226503382,20,2000,8192,4096,2048,5713.210902110002_seg0_call_40.npy,Moan
5713.210902110002,5713.210902110002.Table.1.selections.txt,41,Moan,328.060151634,328.469324296,20,2000,8192,4096,2048,5713.210902110002_seg0_call_41.npy,Moan
5713.210902110002,5713.210902110002.Table.1.selections.txt,42,Moan,362.349869763,362.561200698,20,2000,8192,4096,2048,5713.210902110002_seg0_call_42.npy,Moan
5713.210902110002,5713.210902110002.Table.1.selections.txt,43,G rupe,367.483268999,367.60916828,20,2000,8192,4096,2048,5713.210902110002_seg0_call_43.npy,G rupe
5713.210902110002,5713.210902110002.Table.1.selections.txt,44,Moan,404.785581463,404.924969952,20,2000,8192,4096,2048,5713.210902110002_seg0_call_44.npy,Moan
5713.210902110002,5713.210902110002.Table.1.selections.txt,45,Moan,423.673520112,423.866865436,20,2000,8192,4096,2048,5713.210902110002_seg0_call_45.npy,Moan
5713.210902110002,5713.210902110002.Table.1.selections.txt,46,Moan,426.80752367,427.014358203,20,2000,8192,4096,2048,5713.210902110002_seg0_call_46.npy,Moan
5713.210902110002,5713.210902110002.Table.1.selections.txt,47,Moan,434.445420859,434.809629492,20,2000,8192,4096,2048,5713.210902110002_seg0_call_47.npy,Moan
5713.210902110002,5713.210902110002.Table.1.selections.txt,48,Moan,433.64955755,433.941823737,20,2000,8192,4096,2048,5713.210902110002_seg0_call_48.npy,Moan
5713.210902110002,5713.210902110002.Table.1.selections.txt,49,Moan,435.236787765,435.466104312,20,2000,8192,4096,2048,5713.210902110002_seg0_call_49.npy,Moan
5713.210902110002,5713.210902110002.Table.1.selections.txt,50,Moan,465.084016044,465.511174318,20,2000,8192,4096,2048,5713.210902110002_seg0_call_50.npy,Moan
5713.210902110002,5713.210902110002.Table.1.selections.txt,51,Moan,465.668548418,465.947325397,20,2000,8192,4096,2048,5713.210902110002_seg0_call_51.npy,Moan
5713.210902110002,5713.210902110002.Table.1.selections.txt,52,Moan,470.896372115,471.46741528,20,2000,8192,4096,2048,5713.210902110002_seg0_call_52.npy,Moan
5713.210902110002,5713.210902110002.Table.1.selections.txt,53,Moan,473.304976365,473.691667013,20,2000,8192,4096,2048,5713.210902110002_seg0_call_53.npy,Moan
5713.210902110002,5713.210902110002.Table.1.selections.txt,54,Moan,497.023576814,497.437245878,20,2000,8192,4096,2048,5713.210902110002_seg0_call_54.npy,Moan
5713.210902110002,5713.210902110002.Table.1.selections.txt,55,Moan,505.539785369,505.836547959,20,2000,8192,4096,2048,5713.210902110002_seg0_call_55.npy,Moan
5713.210902110002,5713.210902110002.Table.1.selections.txt,56,Moan,629.569042769,630.544762194,20,2000,8192,4096,2048,5713.210902110002_seg0_call_56.npy,Moan
5713.210902110002,5713.210902110002.Table.1.selections.txt,57,Moan,631.30465428,631.673359316,20,2000,8192,4096,2048,5713.210902110002_seg0_call_57.npy,Moan
5713.210902110002,5713.210902110002.Table.1.selections.txt,58,Moan,641.764798076,642.335841242,20,2000,8192,4096,2048,5713.210902110002_seg0_call_58.npy,Moan
5713.210902110002,5713.210902110002.Table.1.selections.txt,59,Moan,654.790920223,655.087682813,20,2000,8192,4096,2048,5713.210902110002_seg0_call_59.npy,Moan
5713.210902110002,5713.210902110002.Table.1.selections.txt,60,Moan,737.715318601,738.317836587,20,2000,8192,4096,2048,5713.210902110002_seg0_call_60.npy,Moan
5713.210902110002,5713.210902110002.Table.1.selections.txt,61,Moan,741.147563194,741.403858158,20,2000,8192,4096,2048,5713.210902110002_seg0_call_61.npy,Moan
5713.210902110002,5713.210902110002.Table.1.selections.txt,62,Moan,742.459045143,743.093037948,20,2000,8192,4096,2048,5713.210902110002_seg0_call_62.npy,Moan
5713.210902110002,5713.210902110002.Table.1.selections.txt,63,Moan,743.834948068,744.185667493,20,2000,8192,4096,2048,5713.210902110002_seg0_call_63.npy,Moan
5713.210902110002,5713.210902110002.Table.1.selections.txt,64,Moan,750.12395511,750.479170937,20,2000,8192,4096,2048,5713.210902110002_seg0_call_64.npy,Moan
5713.210902110002,5713.210902110002.Table.1.selections.txt,65,Moan,1053.975404729,1054.19572847,20,2000,8192,4096,2048,5713.210902110002_seg0_call_65.npy,Moan
5713.210902110002,5713.210902110002.Table.1.selections.txt,66,HS Groan,1114.518965089,1114.844954298,20,2000,8192,4096,2048,5713.210902110002_seg0_call_66.npy,HS Groan
5713.210902110002,5713.210902110002.Table.1.selections.txt,67,HS Groan,1138.674415864,1139.052113705,20,2000,8192,4096,2048,5713.210902110002_seg0_call_67.npy,HS Groan
5713.210902110002,5713.210902110002.Table.1.selections.txt,68,Moan,1182.201284458,1182.457579422,20,2000,8192,4096,2048,5713.210902110002_seg0_call_68.npy,Moan
5713.210902110002,5713.210902110002.Table.1.selections.txt,69,Moan,1183.631140573,1183.887435537,20,2000,8192,4096,2048,5713.210902110002_seg0_call_69.npy,Moan
5713.210902110002,5713.210902110002.Table.1.selections.txt,70,Moan,1189.915593788,1190.35624127,20,2000,8192,4096,2048,5713.210902110002_seg0_call_70.npy,Moan
5713.210902110002,5713.210902110002.Table.1.selections.txt,71,Moan,1191.367931917,1191.768111773,20,2000,8192,4096,2048,5713.210902110002_seg0_call_71.npy,Moan
5713.210902110002,5713.210902110002.Table.1.selections.txt,0,no-call,766.6542945449804,767.6542945449804,20,2000,8192,4096,2048,5713.210902110002_seg0_nocall_0.npy,no-call
5713.210902110002,5713.210902110002.Table.1.selections.txt,1,no-call,29.987174368535403,30.987174368535403,20,2000,8192,4096,2048,5713.210902110002_seg0_nocall_1.npy,no-call
5713.210902110002,5713.210902110002.Table.1.selections.txt,2,no-call,329.75222271256104,330.75222271256104,20,2000,8192,4096,2048,5713.210902110002_seg0_nocall_2.npy,no-call
5713.210805040002,5713.210805040002.Table.1.selections.txt,0,rupe A,65.975758963,66.197083791,20,2000,8192,4096,2048,5713.210805040002_seg0_call_0.npy,rupe A
5713.210805040002,5713.210805040002.Table.1.selections.txt,1,Rupe B,360.604978438,361.116393963,20,2000,8192,4096,2048,5713.210805040002_seg0_call_1.npy,Rupe B
5713.210805040002,5713.210805040002.Table.1.selections.txt,2,Rupe B,362.511531278,362.835272285,20,2000,8192,4096,2048,5713.210805040002_seg0_call_2.npy,Rupe B
5713.210805040002,5713.210805040002.Table.1.selections.txt,3,Rupe B,363.582147388,363.883517251,20,2000,8192,4096,2048,5713.210805040002_seg0_call_3.npy,Rupe B
5713.210805040002,5713.210805040002.Table.1.selections.txt,4,Rupe B,364.878951041,365.235115424,20,2000,8192,4096,2048,5713.210805040002_seg0_call_4.npy,Rupe B
5713.210805040002,5713.210805040002.Table.1.selections.txt,5,Rupe B,546.738623985,547.186112569,20,2000,8192,4096,2048,5713.210805040002_seg0_call_5.npy,Rupe B
5713.210805040002,5713.210805040002.Table.1.selections.txt,6,rupe B,600.809344207,601.229435531,20,2000,8192,4096,2048,5713.210805040002_seg0_call_6.npy,rupe B
5713.210805040002,5713.210805040002.Table.1.selections.txt,7,rupe A,674.180580381,674.299132249,20,2000,8192,4096,2048,5713.210805040002_seg0_call_7.npy,rupe A
5713.210805040002,5713.210805040002.Table.1.selections.txt,8,rupe A,677.028237055,677.205844969,20,2000,8192,4096,2048,5713.210805040002_seg0_call_8.npy,rupe A
5713.210805040002,5713.210805040002.Table.1.selections.txt,9,rupe B,679.646238076,679.913310781,20,2000,8192,4096,2048,5713.210805040002_seg0_call_9.npy,rupe B
5713.210805040002,5713.210805040002.Table.1.selections.txt,10,rupe A,675.087632617,675.208451222,20,2000,8192,4096,2048,5713.210805040002_seg0_call_10.npy,rupe A
5713.210805040002,5713.210805040002.Table.1.selections.txt,11,rupe A,675.952439472,676.047822581,20,2000,8192,4096,2048,5713.210805040002_seg0_call_11.npy,rupe A
5713.210805040002,5713.210805040002.Table.1.selections.txt,12,rupe A,674.559846081,674.699741307,20,2000,8192,4096,2048,5713.210805040002_seg0_call_12.npy,rupe A
5713.210805040002,5713.210805040002.Table.1.selections.txt,13,rupe B,678.190758882,678.502343704,20,2000,8192,4096,2048,5713.210805040002_seg0_call_13.npy,rupe B
5713.210805040002,5713.210805040002.Table.1.selections.txt,14,rupe A,680.085000377,680.148589116,20,2000,8192,4096,2048,5713.210805040002_seg0_call_14.npy,rupe A
5713.210805040002,5713.210805040002.Table.1.selections.txt,15,rupe B,680.924371736,681.235956558,20,2000,8192,4096,2048,5713.210805040002_seg0_call_15.npy,rupe B
5713.210805040002,5713.210805040002.Table.1.selections.txt,16,rupe B,677.394786411,677.680935738,20,2000,8192,4096,2048,5713.210805040002_seg0_call_16.npy,rupe B
5713.210805040002,5713.210805040002.Table.1.selections.txt,0,no-call,766.6768876251925,767.6768876251925,20,2000,8192,4096,2048,5713.210805040002_seg0_nocall_0.npy,no-call
5713.210805040002,5713.210805040002.Table.1.selections.txt,1,no-call,29.988058081886603,30.988058081886603,20,2000,8192,4096,2048,5713.210805040002_seg0_nocall_1.npy,no-call
5713.210805040002,5713.210805040002.Table.1.selections.txt,2,no-call,329.7619404151434,330.7619404151434,20,2000,8192,4096,2048,5713.210805040002_seg0_nocall_2.npy,no-call
5713.210810130002,5713.210810130002.Table.1.selections.txt,0,Rupe C,46.058444646,46.282188939,20,2000,8192,4096,2048,5713.210810130002_seg0_call_0.npy,Rupe C
5713.210810130002,5713.210810130002.Table.1.selections.txt,1,Rupe C,46.784472044,47.104106747,20,2000,8192,4096,2048,5713.210810130002_seg0_call_1.npy,Rupe C
5713.210810130002,5713.210810130002.Table.1.selections.txt,2,Rupe A,49.821004434,50.067579777,20,2000,8192,4096,2048,5713.210810130002_seg0_call_2.npy,Rupe A
5713.210810130002,5713.210810130002.Table.1.selections.txt,3,Rupe B,96.426128853,96.818822917,20,2000,8192,4096,2048,5713.210810130002_seg0_call_3.npy,Rupe B
5713.210810130002,5713.210810130002.Table.1.selections.txt,4,Rupe A,191.717506147,191.922985599,20,2000,8192,4096,2048,5713.210810130002_seg0_call_4.npy,Rupe A
5713.210810130002,5713.210810130002.Table.1.selections.txt,5,Rupe C,195.835426297,196.360540453,20,2000,8192,4096,2048,5713.210810130002_seg0_call_5.npy,Rupe C
5713.210810130002,5713.210810130002.Table.1.selections.txt,6,Rupe A,204.09361601,204.207771261,20,2000,8192,4096,2048,5713.210810130002_seg0_call_6.npy,Rupe A
5713.210810130002,5713.210810130002.Table.1.selections.txt,7,Rupe A,309.350024971,309.427650542,20,2000,8192,4096,2048,5713.210810130002_seg0_call_7.npy,Rupe A
5713.210810130002,5713.210810130002.Table.1.selections.txt,8,Rupe A,309.797513556,309.861440497,20,2000,8192,4096,2048,5713.210810130002_seg0_call_8.npy,Rupe A
5713.210810130002,5713.210810130002.Table.1.selections.txt,9,Rupe A,664.935831336,665.068251427,20,2000,8192,4096,2048,5713.210810130002_seg0_call_9.npy,Rupe A
5713.210810130002,5713.210810130002.Table.1.selections.txt,10,Rupe A,665.250899829,665.36505508,20,2000,8192,4096,2048,5713.210810130002_seg0_call_10.npy,Rupe A
5713.210810130002,5713.210810130002.Table.1.selections.txt,11,Rupe B,796.109210439,796.36105669,20,2000,8192,4096,2048,5713.210810130002_seg0_call_11.npy,Rupe B
5713.210810130002,5713.210810130002.Table.1.selections.txt,12,Rupe B,796.909952365,797.194086597,20,2000,8192,4096,2048,5713.210810130002_seg0_call_12.npy,Rupe B
5713.210810130002,5713.210810130002.Table.1.selections.txt,13,Rupe A,890.636554176,890.707587734,20,2000,8192,4096,2048,5713.210810130002_seg0_call_13.npy,Rupe A
5713.210810130002,5713.210810130002.Table.1.selections.txt,14,Rupe A,903.162783353,903.33713845,20,2000,8192,4096,2048,5713.210810130002_seg0_call_14.npy,Rupe A
5713.210810130002,5713.210810130002.Table.1.selections.txt,15,Rupe B,903.950610087,904.305777876,20,2000,8192,4096,2048,5713.210810130002_seg0_call_15.npy,Rupe B
5713.210810130002,5713.210810130002.Table.1.selections.txt,16,Rupe A,904.609284896,904.725521628,20,2000,8192,4096,2048,5713.210810130002_seg0_call_16.npy,Rupe A
5713.210810130002,5713.210810130002.Table.1.selections.txt,17,Rupe B,904.938622301,905.255044514,20,2000,8192,4096,2048,5713.210810130002_seg0_call_17.npy,Rupe B
5713.210810130002,5713.210810130002.Table.1.selections.txt,18,Rupe A,1030.496989895,1030.723005761,20,2000,8192,4096,2048,5713.210810130002_seg0_call_18.npy,Rupe A
5713.210810130002,5713.210810130002.Table.1.selections.txt,19,Rupe A,1034.39052236,1034.455098322,20,2000,8192,4096,2048,5713.210810130002_seg0_call_19.npy,Rupe A
5713.210810130002,5713.210810130002.Table.1.selections.txt,20,Rupe A,1034.713402169,1034.803808515,20,2000,8192,4096,2048,5713.210810130002_seg0_call_20.npy,Rupe A
5713.210810130002,5713.210810130002.Table.1.selections.txt,21,Rupe A,1035.101767176,1035.232162859,20,2000,8192,4096,2048,5713.210810130002_seg0_call_21.npy,Rupe A
5713.210810130002,5713.210810130002.Table.1.selections.txt,22,Rupe A,1057.170074505,1057.241108063,20,2000,8192,4096,2048,5713.210810130002_seg0_call_22.npy,Rupe A
5713.210810130002,5713.210810130002.Table.1.selections.txt,23,Rupe C,1058.435764289,1058.616576982,20,2000,8192,4096,2048,5713.210810130002_seg0_call_23.npy,Rupe C
5713.210810130002,5713.210810130002.Table.1.selections.txt,24,Rupe C,1059.188511453,1059.377360374,20,2000,8192,4096,2048,5713.210810130002_seg0_call_24.npy,Rupe C
5713.210810130002,5713.210810130002.Table.1.selections.txt,25,Rupe C,1059.759571505,1059.998502564,20,2000,8192,4096,2048,5713.210810130002_seg0_call_25.npy,Rupe C
5713.210810130002,5713.210810130002.Table.1.selections.txt,26,Rupe C,1060.373043142,1060.566771027,20,2000,8192,4096,2048,5713.210810130002_seg0_call_26.npy,Rupe C
5713.210810130002,5713.210810130002.Table.1.selections.txt,27,Rupe A,1068.482362092,1068.546938054,20,2000,8192,4096,2048,5713.210810130002_seg0_call_27.npy,Rupe A
5713.210810130002,5713.210810130002.Table.1.selections.txt,28,Rupe A,1069.121664113,1069.270188825,20,2000,8192,4096,2048,5713.210810130002_seg0_call_28.npy,Rupe A
5713.210810130002,5713.210810130002.Table.1.selections.txt,29,Rupe C,1069.825542097,1070.03864277,20,2000,8192,4096,2048,5713.210810130002_seg0_call_29.npy,Rupe C
5713.210810130002,5713.210810130002.Table.1.selections.txt,30,Rupe A,1085.760670709,1085.838161863,20,2000,8192,4096,2048,5713.210810130002_seg0_call_30.npy,Rupe A
5713.210810130002,5713.210810130002.Table.1.selections.txt,31,Rupe A,1094.109161242,1094.1801948,20,2000,8192,4096,2048,5713.210810130002_seg0_call_31.npy,Rupe A
5713.210810130002,5713.210810130002.Table.1.selections.txt,32,Rupe A,1097.053825098,1097.163604233,20,2000,8192,4096,2048,5713.210810130002_seg0_call_32.npy,Rupe A
5713.210810130002,5713.210810130002.Table.1.selections.txt,33,Rupe A,1098.087037823,1098.177444169,20,2000,8192,4096,2048,5713.210810130002_seg0_call_33.npy,Rupe A
5713.210810130002,5713.210810130002.Table.1.selections.txt,34,Rupe A,1099.630403308,1099.707894463,20,2000,8192,4096,2048,5713.210810130002_seg0_call_34.npy,Rupe A
5713.210810130002,5713.210810130002.Table.1.selections.txt,35,Rupe A,1100.631330716,1100.70882187,20,2000,8192,4096,2048,5713.210810130002_seg0_call_35.npy,Rupe A
5713.210810130002,5713.210810130002.Table.1.selections.txt,36,Rupe A,1102.620271777,1102.678390142,20,2000,8192,4096,2048,5713.210810130002_seg0_call_36.npy,Rupe A
5713.210810130002,5713.210810130002.Table.1.selections.txt,37,Rupe A,1107.38078517,1107.438903536,20,2000,8192,4096,2048,5713.210810130002_seg0_call_37.npy,Rupe A
5713.210810130002,5713.210810130002.Table.1.selections.txt,38,Rupe A,1105.934283627,1105.992401992,20,2000,8192,4096,2048,5713.210810130002_seg0_call_38.npy,Rupe A
5713.210810130002,5713.210810130002.Table.1.selections.txt,39,Rupe A,1105.753470934,1105.798674107,20,2000,8192,4096,2048,5713.210810130002_seg0_call_39.npy,Rupe A
5713.210810130002,5713.210810130002.Table.1.selections.txt,40,Rupe A,1119.206750823,1119.303614766,20,2000,8192,4096,2048,5713.210810130002_seg0_call_40.npy,Rupe A
5713.210810130002,5713.210810130002.Table.1.selections.txt,41,Rupe A,1120.743658713,1120.827607463,20,2000,8192,4096,2048,5713.210810130002_seg0_call_41.npy,Rupe A
5713.210810130002,5713.210810130002.Table.1.selections.txt,42,Rupe A,1121.350672753,1121.408791119,20,2000,8192,4096,2048,5713.210810130002_seg0_call_42.npy,Rupe A
5713.210810130002,5713.210810130002.Table.1.selections.txt,43,Rupe C,1122.448464962,1122.57115929,20,2000,8192,4096,2048,5713.210810130002_seg0_call_43.npy,Rupe C
5713.210810130002,5713.210810130002.Table.1.selections.txt,44,Rupe A,1123.991830448,1124.043491218,20,2000,8192,4096,2048,5713.210810130002_seg0_call_44.npy,Rupe A
5713.210810130002,5713.210810130002.Table.1.selections.txt,45,Rupe A,1126.607156899,1126.684648053,20,2000,8192,4096,2048,5713.210810130002_seg0_call_45.npy,Rupe A
5713.210810130002,5713.210810130002.Table.1.selections.txt,46,Rupe C,1161.535579076,1161.871374077,20,2000,8192,4096,2048,5713.210810130002_seg0_call_46.npy,Rupe C
5713.210810130002,5713.210810130002.Table.1.selections.txt,47,Rupe A,47.798014634,47.887942692,20,2000,8192,4096,2048,5713.210810130002_seg0_call_47.npy,Rupe A
5713.210810130002,5713.210810130002.Table.1.selections.txt,0,no-call,766.6688947902118,767.6688947902118,20,2000,8192,4096,2048,5713.210810130002_seg0_nocall_0.npy,no-call
5713.210810130002,5713.210810130002.Table.1.selections.txt,1,no-call,29.98774544744632,30.98774544744632,20,2000,8192,4096,2048,5713.210810130002_seg0_nocall_1.npy,no-call
5713.210810130002,5713.210810130002.Table.1.selections.txt,2,no-call,329.7585025486637,330.7585025486637,20,2000,8192,4096,2048,5713.210810130002_seg0_nocall_2.npy,no-call
5713.210813150002,5713.210813150002.Table.1.selections.txt,0,Rupe A,70.997904251,71.171420232,20,2000,8192,4096,2048,5713.210813150002_seg0_call_0.npy,Rupe A
5713.210813150002,5713.210813150002.Table.1.selections.txt,1,Rupe A,72.413429365,72.509319776,20,2000,8192,4096,2048,5713.210813150002_seg0_call_1.npy,Rupe A
5713.210813150002,5713.210813150002.Table.1.selections.txt,2,Rupe A,74.093787631,74.221641513,20,2000,8192,4096,2048,5713.210813150002_seg0_call_2.npy,Rupe A
5713.210813150002,5713.210813150002.Table.1.selections.txt,3,Rupe A,74.787851558,75.00702964,20,2000,8192,4096,2048,5713.210813150002_seg0_call_3.npy,Rupe A
5713.210813150002,5713.210813150002.Table.1.selections.txt,4,Rupe A,75.586938316,75.728490828,20,2000,8192,4096,2048,5713.210813150002_seg0_call_4.npy,Rupe A
5713.210813150002,5713.210813150002.Table.1.selections.txt,5,Rupe A,76.463650645,76.609769367,20,2000,8192,4096,2048,5713.210813150002_seg0_call_5.npy,Rupe A
5713.210813150002,5713.210813150002.Table.1.selections.txt,6,Rupe A,76.806116398,77.112052472,20,2000,8192,4096,2048,5713.210813150002_seg0_call_6.npy,Rupe A
5713.210813150002,5713.210813150002.Table.1.selections.txt,7,Rupe B,77.596066036,77.933965579,20,2000,8192,4096,2048,5713.210813150002_seg0_call_7.npy,Rupe B
5713.210813150002,5713.210813150002.Table.1.selections.txt,8,Rupe B,78.678257817,79.00245873,20,2000,8192,4096,2048,5713.210813150002_seg0_call_8.npy,Rupe B
5713.210813150002,5713.210813150002.Table.1.selections.txt,9,Rupe A,79.659991503,79.920265476,20,2000,8192,4096,2048,5713.210813150002_seg0_call_9.npy,Rupe A
5713.210813150002,5713.210813150002.Table.1.selections.txt,10,Rupe B,80.280996069,80.742183284,20,2000,8192,4096,2048,5713.210813150002_seg0_call_10.npy,Rupe B
5713.210813150002,5713.210813150002.Table.1.selections.txt,11,Rupe A,81.449945841,81.605196983,20,2000,8192,4096,2048,5713.210813150002_seg0_call_11.npy,Rupe A
5713.210813150002,5713.210813150002.Table.1.selections.txt,12,Rupe A,81.970493786,82.034420727,20,2000,8192,4096,2048,5713.210813150002_seg0_call_12.npy,Rupe A
5713.210813150002,5713.210813150002.Table.1.selections.txt,13,Rupe A,83.157706188,83.290126279,20,2000,8192,4096,2048,5713.210813150002_seg0_call_13.npy,Rupe A
5713.210813150002,5713.210813150002.Table.1.selections.txt,14,Rupe A,84.4453765,84.518435861,20,2000,8192,4096,2048,5713.210813150002_seg0_call_14.npy,Rupe A
5713.210813150002,5713.210813150002.Table.1.selections.txt,15,Rupe A,86.47277376,86.669120792,20,2000,8192,4096,2048,5713.210813150002_seg0_call_15.npy,Rupe A
5713.210813150002,5713.210813150002.Table.1.selections.txt,16,Rupe A,87.04354792,87.112041071,20,2000,8192,4096,2048,5713.210813150002_seg0_call_16.npy,Rupe A
5713.210813150002,5713.210813150002.Table.1.selections.txt,17,Rupe B,87.395146093,87.637155226,20,2000,8192,4096,2048,5713.210813150002_seg0_call_17.npy,Rupe B
5713.210813150002,5713.210813150002.Table.1.selections.txt,18,Rupe B,88.194232851,88.459073034,20,2000,8192,4096,2048,5713.210813150002_seg0_call_18.npy,Rupe B
5713.210813150002,5713.210813150002.Table.1.selections.txt,19,Rupe B,88.851767098,89.180534221,20,2000,8192,4096,2048,5713.210813150002_seg0_call_19.npy,Rupe B
5713.210813150002,5713.210813150002.Table.1.selections.txt,20,Rupe A,91.848590753,92.131695776,20,2000,8192,4096,2048,5713.210813150002_seg0_call_20.npy,Rupe A
5713.210813150002,5713.210813150002.Table.1.selections.txt,21,Rupe A,93.684203136,93.848586697,20,2000,8192,4096,2048,5713.210813150002_seg0_call_21.npy,Rupe A
5713.210813150002,5713.210813150002.Table.1.selections.txt,22,Rupe A,94.692270182,94.879540471,20,2000,8192,4096,2048,5713.210813150002_seg0_call_22.npy,Rupe A
5713.210813150002,5713.210813150002.Table.1.selections.txt,23,Rupe A,96.752243683,97.004089934,20,2000,8192,4096,2048,5713.210813150002_seg0_call_23.npy,Rupe A
5713.210813150002,5713.210813150002.Table.1.selections.txt,24,Rupe B,98.805759267,99.141554268,20,2000,8192,4096,2048,5713.210813150002_seg0_call_24.npy,Rupe B
5713.210813150002,5713.210813150002.Table.1.selections.txt,25,Rupe C,101.085291943,101.614814829,20,2000,8192,4096,2048,5713.210813150002_seg0_call_25.npy,Rupe C
5713.210813150002,5713.210813150002.Table.1.selections.txt,26,Rupe A,103.132350756,103.229214698,20,2000,8192,4096,2048,5713.210813150002_seg0_call_26.npy,Rupe A
5713.210813150002,5713.210813150002.Table.1.selections.txt,27,Rupe A,103.965380662,104.236599702,20,2000,8192,4096,2048,5713.210813150002_seg0_call_27.npy,Rupe A
5713.210813150002,5713.210813150002.Table.1.selections.txt,28,Rupe B,105.160035955,105.599152495,20,2000,8192,4096,2048,5713.210813150002_seg0_call_28.npy,Rupe B
5713.210813150002,5713.210813150002.Table.1.selections.txt,29,Rupe A,106.826095768,106.955247691,20,2000,8192,4096,2048,5713.210813150002_seg0_call_29.npy,Rupe A
5713.210813150002,5713.210813150002.Table.1.selections.txt,30,Rupe A,112.373172808,112.482951943,20,2000,8192,4096,2048,5713.210813150002_seg0_call_30.npy,Rupe A
5713.210813150002,5713.210813150002.Table.1.selections.txt,0,no-call,766.6811504705156,767.6811504705156,20,2000,8192,4096,2048,5713.210813150002_seg0_nocall_0.npy,no-call
5713.210813150002,5713.210813150002.Table.1.selections.txt,1,no-call,29.988224820254754,30.988224820254754,20,2000,8192,4096,2048,5713.210813150002_seg0_nocall_1.npy,no-call
5713.210813150002,5713.210813150002.Table.1.selections.txt,2,no-call,329.7637739439325,330.7637739439325,20,2000,8192,4096,2048,5713.210813150002_seg0_nocall_2.npy,no-call
5713.210816050002,5713.210816050002.Table.1.selections.txt,0,Rupe A,102.456055837,102.839617481,20,2000,8192,4096,2048,5713.210816050002_seg0_call_0.npy,Rupe A
5713.210816050002,5713.210816050002.Table.1.selections.txt,1,Rupe B,103.214046705,103.652402869,20,2000,8192,4096,2048,5713.210816050002_seg0_call_1.npy,Rupe B
5713.210816050002,5713.210816050002.Table.1.selections.txt,2,Rupe B,105.268841225,105.77112433,20,2000,8192,4096,2048,5713.210816050002_seg0_call_2.npy,Rupe B
5713.210816050002,5713.210816050002.Table.1.selections.txt,3,Rupe B,142.629533443,142.899317615,20,2000,8192,4096,2048,5713.210816050002_seg0_call_3.npy,Rupe B
5713.210816050002,5713.210816050002.Table.1.selections.txt,4,Rupe A,195.611852268,195.894957291,20,2000,8192,4096,2048,5713.210816050002_seg0_call_4.npy,Rupe A
5713.210816050002,5713.210816050002.Table.1.selections.txt,5,Rupe B,197.027377383,197.429203867,20,2000,8192,4096,2048,5713.210816050002_seg0_call_5.npy,Rupe B
5713.210816050002,5713.210816050002.Table.1.selections.txt,6,Rupe A,203.45092446,203.770559163,20,2000,8192,4096,2048,5713.210816050002_seg0_call_6.npy,Rupe A
5713.210816050002,5713.210816050002.Table.1.selections.txt,7,Rupe A,263.929460733,264.139506395,20,2000,8192,4096,2048,5713.210816050002_seg0_call_7.npy,Rupe A
5713.210816050002,5713.210816050002.Table.1.selections.txt,8,Rupe B,282.830585063,283.259808807,20,2000,8192,4096,2048,5713.210816050002_seg0_call_8.npy,Rupe B
5713.210816050002,5713.210816050002.Table.1.selections.txt,9,Rupe B,284.109123876,284.401361319,20,2000,8192,4096,2048,5713.210816050002_seg0_call_9.npy,Rupe B
5713.210816050002,5713.210816050002.Table.1.selections.txt,10,Rupe A,286.291772278,286.401361319,20,2000,8192,4096,2048,5713.210816050002_seg0_call_10.npy,Rupe A
5713.210816050002,5713.210816050002.Table.1.selections.txt,11,Rupe A,347.344922732,347.628027754,20,2000,8192,4096,2048,5713.210816050002_seg0_call_11.npy,Rupe A
5713.210816050002,5713.210816050002.Table.1.selections.txt,12,Rupe A,348.038986659,348.294694421,20,2000,8192,4096,2048,5713.210816050002_seg0_call_12.npy,Rupe A
5713.210816050002,5713.210816050002.Table.1.selections.txt,13,Rupe B,431.000274799,431.255982561,20,2000,8192,4096,2048,5713.210816050002_seg0_call_13.npy,Rupe B
5713.210816050002,5713.210816050002.Table.1.selections.txt,14,Rupe B,432.013973429,432.315343292,20,2000,8192,4096,2048,5713.210816050002_seg0_call_14.npy,Rupe B
5713.210816050002,5713.210816050002.Table.1.selections.txt,15,Rupe B,433.995708589,434.287946032,20,2000,8192,4096,2048,5713.210816050002_seg0_call_15.npy,Rupe B
5713.210816050002,5713.210816050002.Table.1.selections.txt,16,Rupe B,620.560562068,620.962388552,20,2000,8192,4096,2048,5713.210816050002_seg0_call_16.npy,Rupe B
5713.210816050002,5713.210816050002.Table.1.selections.txt,17,Rupe B,704.192755003,704.614480636,20,2000,8192,4096,2048,5713.210816050002_seg0_call_17.npy,Rupe B
5713.210816050002,5713.210816050002.Table.1.selections.txt,18,Rupe A,705.662142507,705.781796099,20,2000,8192,4096,2048,5713.210816050002_seg0_call_18.npy,Rupe A
5713.210816050002,5713.210816050002.Table.1.selections.txt,19,Rupe A,709.434773649,709.653951731,20,2000,8192,4096,2048,5713.210816050002_seg0_call_19.npy,Rupe A
5713.210816050002,5713.210816050002.Table.1.selections.txt,20,Rupe A,711.042079585,711.270390087,20,2000,8192,4096,2048,5713.210816050002_seg0_call_20.npy,Rupe A
5713.210816050002,5713.210816050002.Table.1.selections.txt,21,Rupe A,711.626557886,711.854868388,20,2000,8192,4096,2048,5713.210816050002_seg0_call_21.npy,Rupe A
5713.210816050002,5713.210816050002.Table.1.selections.txt,22,Rupe A,714.375416333,714.585461995,20,2000,8192,4096,2048,5713.210816050002_seg0_call_22.npy,Rupe A
5713.210816050002,5713.210816050002.Table.1.selections.txt,0,no-call,766.6778467653903,767.6778467653903,20,2000,8192,4096,2048,5713.210816050002_seg0_nocall_0.npy,no-call
5713.210816050002,5713.210816050002.Table.1.selections.txt,1,no-call,29.988095598019438,30.988095598019438,20,2000,8192,4096,2048,5713.210816050002_seg0_nocall_1.npy,no-call
5713.210816050002,5713.210816050002.Table.1.selections.txt,2,no-call,329.76235295912096,330.76235295912096,20,2000,8192,4096,2048,5713.210816050002_seg0_nocall_2.npy,no-call
5713.210830050002,5713.210830050002.Table.1.selections.txt,0,Rupe A,334.330492819,334.522273641,20,2000,8192,4096,2048,5713.210830050002_seg0_call_0.npy,Rupe A
5713.210830050002,5713.210830050002.Table.1.selections.txt,1,Rupe A,334.942364965,335.152410627,20,2000,8192,4096,2048,5713.210830050002_seg0_call_1.npy,Rupe A
5713.210830050002,5713.210830050002.Table.1.selections.txt,2,Rupe B,407.487391986,407.825291529,20,2000,8192,4096,2048,5713.210830050002_seg0_call_2.npy,Rupe B
5713.210830050002,5713.210830050002.Table.1.selections.txt,3,Rupe B,408.154058652,408.473693355,20,2000,8192,4096,2048,5713.210830050002_seg0_call_3.npy,Rupe B
5713.210830050002,5713.210830050002.Table.1.selections.txt,4,Rupe A,463.759046258,463.93256224,20,2000,8192,4096,2048,5713.210830050002_seg0_call_4.npy,Rupe A
5713.210830050002,5713.210830050002.Table.1.selections.txt,5,Rupe B,464.407448084,464.717950368,20,2000,8192,4096,2048,5713.210830050002_seg0_call_5.npy,Rupe B
5713.210830050002,5713.210830050002.Table.1.selections.txt,6,Rupe B,467.083247171,467.384617034,20,2000,8192,4096,2048,5713.210830050002_seg0_call_6.npy,Rupe B
5713.210830050002,5713.210830050002.Table.1.selections.txt,7,Rupe A,494.879528678,495.062177079,20,2000,8192,4096,2048,5713.210830050002_seg0_call_7.npy,Rupe A
5713.210830050002,5713.210830050002.Table.1.selections.txt,8,Rupe A,593.807869131,593.880928492,20,2000,8192,4096,2048,5713.210830050002_seg0_call_8.npy,Rupe A
5713.210830050002,5713.210830050002.Table.1.selections.txt,9,Rupe A,595.040745843,595.259923925,20,2000,8192,4096,2048,5713.210830050002_seg0_call_9.npy,Rupe A
5713.210830050002,5713.210830050002.Table.1.selections.txt,10,Rupe A,595.867229861,596.077275524,20,2000,8192,4096,2048,5713.210830050002_seg0_call_10.npy,Rupe A
5713.210830050002,5713.210830050002.Table.1.selections.txt,11,Type 4 A,602.7167052,602.929673473,20,2000,8192,4096,2048,5713.210830050002_seg0_call_11.npy,Type 4 A
5713.210830050002,5713.210830050002.Table.1.selections.txt,12,Type 4 A,605.815516799,606.043827301,20,2000,8192,4096,2048,5713.210830050002_seg0_call_12.npy,Type 4 A
5713.210830050002,5713.210830050002.Table.1.selections.txt,13,Rupe A,868.36517868,868.671114753,20,2000,8192,4096,2048,5713.210830050002_seg0_call_13.npy,Rupe A
5713.210830050002,5713.210830050002.Table.1.selections.txt,14,Type 4 A,869.607187812,869.9470707,20,2000,8192,4096,2048,5713.210830050002_seg0_call_14.npy,Type 4 A
5713.210830050002,5713.210830050002.Table.1.selections.txt,15,Rupe A,936.554405884,936.659428715,20,2000,8192,4096,2048,5713.210830050002_seg0_call_15.npy,Rupe A
5713.210830050002,5713.210830050002.Table.1.selections.txt,16,Rupe B,937.001894469,937.298698122,20,2000,8192,4096,2048,5713.210830050002_seg0_call_16.npy,Rupe B
5713.210830050002,5713.210830050002.Table.1.selections.txt,17,Rupe A,937.536141044,937.682259766,20,2000,8192,4096,2048,5713.210830050002_seg0_call_17.npy,Rupe A
5713.210830050002,5713.210830050002.Table.1.selections.txt,18,Rupe A,938.239337391,938.335227802,20,2000,8192,4096,2048,5713.210830050002_seg0_call_18.npy,Rupe A
5713.210830050002,5713.210830050002.Table.1.selections.txt,19,Rupe B,938.558972094,938.846643327,20,2000,8192,4096,2048,5713.210830050002_seg0_call_19.npy,Rupe B
5713.210830050002,5713.210830050002.Table.1.selections.txt,20,Rupe B,1096.751899286,1097.13546093,20,2000,8192,4096,2048,5713.210830050002_seg0_call_20.npy,Rupe B
5713.210830050002,5713.210830050002.Table.1.selections.txt,21,Rupe A,1101.160039752,1101.420313724,20,2000,8192,4096,2048,5713.210830050002_seg0_call_21.npy,Rupe A
5713.210830050002,5713.210830050002.Table.1.selections.txt,0,no-call,766.6766744829264,767.6766744829264,20,2000,8192,4096,2048,5713.210830050002_seg0_nocall_0.npy,no-call
5713.210830050002,5713.210830050002.Table.1.selections.txt,1,no-call,29.988049744968194,30.988049744968194,20,2000,8192,4096,2048,5713.210830050002_seg0_nocall_1.npy,no-call
5713.210830050002,5713.210830050002.Table.1.selections.txt,2,no-call,329.7618487387039,330.7618487387039,20,2000,8192,4096,2048,5713.210830050002_seg0_nocall_2.npy,no-call
5713.210910070002,5713.210910070002.Table.1.selections.txt,0,Rupe A,156.150347899,156.22797347,20,2000,8192,4096,2048,5713.210910070002_seg0_call_0.npy,Rupe A
5713.210910070002,5713.210910070002.Table.1.selections.txt,1,Rupe A,157.506512282,157.606968903,20,2000,8192,4096,2048,5713.210910070002_seg0_call_1.npy,Rupe A
5713.210910070002,5713.210910070002.Table.1.selections.txt,2,Rupe A,158.081854748,158.196009999,20,2000,8192,4096,2048,5713.210910070002_seg0_call_2.npy,Rupe A
5713.210910070002,5713.210910070002.Table.1.selections.txt,3,Rupe A,158.821580776,158.922037397,20,2000,8192,4096,2048,5713.210910070002_seg0_call_3.npy,Rupe A
5713.210910070002,5713.210910070002.Table.1.selections.txt,4,Rupe A,159.460850182,159.561306803,20,2000,8192,4096,2048,5713.210910070002_seg0_call_4.npy,Rupe A
5713.210910070002,5713.210910070002.Table.1.selections.txt,5,Rupe A,160.759273366,160.850597567,20,2000,8192,4096,2048,5713.210910070002_seg0_call_5.npy,Rupe A
5713.210910070002,5713.210910070002.Table.1.selections.txt,6,Rupe A,162.70448655,162.804943171,20,2000,8192,4096,2048,5713.210910070002_seg0_call_6.npy,Rupe A
5713.210910070002,5713.210910070002.Table.1.selections.txt,7,Rupe A,165.165681469,165.234174619,20,2000,8192,4096,2048,5713.210910070002_seg0_call_7.npy,Rupe A
5713.210910070002,5713.210910070002.Table.1.selections.txt,8,Rupe A,166.658836627,166.745594618,20,2000,8192,4096,2048,5713.210910070002_seg0_call_8.npy,Rupe A
5713.210910070002,5713.210910070002.Table.1.selections.txt,9,Rupe A,167.499019275,167.590343476,20,2000,8192,4096,2048,5713.210910070002_seg0_call_9.npy,Rupe A
5713.210910070002,5713.210910070002.Table.1.selections.txt,10,Rupe A,168.010434801,168.147421102,20,2000,8192,4096,2048,5713.210910070002_seg0_call_10.npy,Rupe A
5713.210910070002,5713.210910070002.Table.1.selections.txt,11,Rupe A,168.441826785,168.677101467,20,2000,8192,4096,2048,5713.210910070002_seg0_call_11.npy,Rupe A
5713.210910070002,5713.210910070002.Table.1.selections.txt,12,Rupe A,169.339207143,169.448796184,20,2000,8192,4096,2048,5713.210910070002_seg0_call_12.npy,Rupe A
5713.210910070002,5713.210910070002.Table.1.selections.txt,13,Rupe A,170.138299617,170.229623818,20,2000,8192,4096,2048,5713.210910070002_seg0_call_13.npy,Rupe A
5713.210910070002,5713.210910070002.Table.1.selections.txt,14,Rupe A,171.151998247,171.229623818,20,2000,8192,4096,2048,5713.210910070002_seg0_call_14.npy,Rupe A
5713.210910070002,5713.210910070002.Table.1.selections.txt,15,Rupe B,171.873459434,172.257021078,20,2000,8192,4096,2048,5713.210910070002_seg0_call_15.npy,Rupe B
5713.210910070002,5713.210910070002.Table.1.selections.txt,16,Rupe A,172.608626956,172.713649787,20,2000,8192,4096,2048,5713.210910070002_seg0_call_16.npy,Rupe A
5713.210910070002,5713.210910070002.Table.1.selections.txt,17,Rupe A,173.01045344,173.174837002,20,2000,8192,4096,2048,5713.210910070002_seg0_call_17.npy,Rupe A
5713.210910070002,5713.210910070002.Table.1.selections.txt,18,Rupe A,173.535567595,173.677120107,20,2000,8192,4096,2048,5713.210910070002_seg0_call_18.npy,Rupe A
5713.210910070002,5713.210910070002.Table.1.selections.txt,19,Rupe A,174.576593072,174.722782207,20,2000,8192,4096,2048,5713.210910070002_seg0_call_19.npy,Rupe A
5713.210910070002,5713.210910070002.Table.1.selections.txt,20,Rupe A,175.969363634,176.055909619,20,2000,8192,4096,2048,5713.210910070002_seg0_call_20.npy,Rupe A
5713.210910070002,5713.210910070002.Table.1.selections.txt,21,Rupe A,176.294218971,176.37065782,20,2000,8192,4096,2048,5713.210910070002_seg0_call_21.npy,Rupe A
5713.210910070002,5713.210910070002.Table.1.selections.txt,22,Rupe A,177.147445826,177.270733498,20,2000,8192,4096,2048,5713.210910070002_seg0_call_22.npy,Rupe A
5713.210910070002,5713.210910070002.Table.1.selections.txt,23,Rupe A,177.800413863,177.948885621,20,2000,8192,4096,2048,5713.210910070002_seg0_call_23.npy,Rupe A
5713.210910070002,5713.210910070002.Table.1.selections.txt,24,Rupe C,178.220510526,178.614353246,20,2000,8192,4096,2048,5713.210910070002_seg0_call_24.npy,Rupe C
5713.210910070002,5713.210910070002.Table.1.selections.txt,25,Rupe A,179.494483129,179.61320459,20,2000,8192,4096,2048,5713.210910070002_seg0_call_25.npy,Rupe A
5713.210910070002,5713.210910070002.Table.1.selections.txt,26,Rupe A,180.019597284,180.161115836,20,2000,8192,4096,2048,5713.210910070002_seg0_call_26.npy,Rupe A
5713.210910070002,5713.210910070002.Table.1.selections.txt,27,Rupe A,184.955712443,185.023158487,20,2000,8192,4096,2048,5713.210910070002_seg0_call_27.npy,Rupe A
5713.210910070002,5713.210910070002.Table.1.selections.txt,28,Rupe A,186.400364436,186.493473788,20,2000,8192,4096,2048,5713.210910070002_seg0_call_28.npy,Rupe A
5713.210910070002,5713.210910070002.Table.1.selections.txt,29,Rupe A,186.651505989,186.80675713,20,2000,8192,4096,2048,5713.210910070002_seg0_call_29.npy,Rupe A
5713.210910070002,5713.210910070002.Table.1.selections.txt,30,Rupe A,187.244371815,187.352285484,20,2000,8192,4096,2048,5713.210910070002_seg0_call_30.npy,Rupe A
5713.210910070002,5713.210910070002.Table.1.selections.txt,31,Rupe A,187.729131559,187.861551651,20,2000,8192,4096,2048,5713.210910070002_seg0_call_31.npy,Rupe A
5713.210910070002,5713.210910070002.Table.1.selections.txt,32,Rupe A,188.413436563,188.512357426,20,2000,8192,4096,2048,5713.210910070002_seg0_call_32.npy,Rupe A
5713.210910070002,5713.210910070002.Table.1.selections.txt,33,Rupe A,189.258760304,189.372967176,20,2000,8192,4096,2048,5713.210910070002_seg0_call_33.npy,Rupe A
5713.210910070002,5713.210910070002.Table.1.selections.txt,34,Rupe A,189.77022745,189.852419231,20,2000,8192,4096,2048,5713.210910070002_seg0_call_34.npy,Rupe A
5713.210910070002,5713.210910070002.Table.1.selections.txt,35,Rupe A,191.59996063,191.691284831,20,2000,8192,4096,2048,5713.210910070002_seg0_call_35.npy,Rupe A
5713.210910070002,5713.210910070002.Table.1.selections.txt,36,Rupe A,193.166170676,193.243796247,20,2000,8192,4096,2048,5713.210910070002_seg0_call_36.npy,Rupe A
5713.210910070002,5713.210910070002.Table.1.selections.txt,37,Rupe A,195.991791947,196.083116147,20,2000,8192,4096,2048,5713.210910070002_seg0_call_37.npy,Rupe A
5713.210910070002,5713.210910070002.Table.1.selections.txt,38,Rupe A,197.069417517,197.160741718,20,2000,8192,4096,2048,5713.210910070002_seg0_call_38.npy,Rupe A
5713.210910070002,5713.210910070002.Table.1.selections.txt,39,Rupe A,198.173245414,198.247499709,20,2000,8192,4096,2048,5713.210910070002_seg0_call_39.npy,Rupe A
5713.210910070002,5713.210910070002.Table.1.selections.txt,40,Rupe A,199.064858947,199.119653468,20,2000,8192,4096,2048,5713.210910070002_seg0_call_40.npy,Rupe A
5713.210910070002,5713.210910070002.Table.1.selections.txt,41,Rupe C,199.722393194,199.950703696,20,2000,8192,4096,2048,5713.210910070002_seg0_call_41.npy,Rupe C
5713.210910070002,5713.210910070002.Table.1.selections.txt,42,Rupe B,201.032895477,201.389059861,20,2000,8192,4096,2048,5713.210910070002_seg0_call_42.npy,Rupe B
5713.210910070002,5713.210910070002.Table.1.selections.txt,43,Rupe A,353.760197733,353.833257093,20,2000,8192,4096,2048,5713.210910070002_seg0_call_43.npy,Rupe A
5713.210910070002,5713.210910070002.Table.1.selections.txt,44,Rupe A,438.636445943,438.876919317,20,2000,8192,4096,2048,5713.210910070002_seg0_call_44.npy,Rupe A
5713.210910070002,5713.210910070002.Table.1.selections.txt,45,Type 4 A,441.41270165,441.671230443,20,2000,8192,4096,2048,5713.210910070002_seg0_call_45.npy,Type 4 A
5713.210910070002,5713.210910070002.Table.1.selections.txt,46,Rupe A,448.924441142,449.075126074,20,2000,8192,4096,2048,5713.210910070002_seg0_call_46.npy,Rupe A
5713.210910070002,5713.210910070002.Table.1.selections.txt,47,Rupe A,471.340146906,471.472566997,20,2000,8192,4096,2048,5713.210910070002_seg0_call_47.npy,Rupe A
5713.210910070002,5713.210910070002.Table.1.selections.txt,48,Rupe A,472.212293024,472.399507636,20,2000,8192,4096,2048,5713.210910070002_seg0_call_48.npy,Rupe A
5713.210910070002,5713.210910070002.Table.1.selections.txt,49,Rupe A,475.597472757,475.816650839,20,2000,8192,4096,2048,5713.210910070002_seg0_call_49.npy,Rupe A
5713.210910070002,5713.210910070002.Table.1.selections.txt,50,Rupe A,490.699030058,490.883382576,20,2000,8192,4096,2048,5713.210910070002_seg0_call_50.npy,Rupe A
5713.210910070002,5713.210910070002.Table.1.selections.txt,51,Rupe A,640.42435857,640.501984141,20,2000,8192,4096,2048,5713.210910070002_seg0_call_51.npy,Rupe A
5713.210910070002,5713.210910070002.Table.1.selections.txt,52,Rupe A,638.607006972,638.661801493,20,2000,8192,4096,2048,5713.210910070002_seg0_call_52.npy,Rupe A
5713.210910070002,5713.210910070002.Table.1.selections.txt,53,Rupe A,641.826191452,641.878423639,20,2000,8192,4096,2048,5713.210910070002_seg0_call_53.npy,Rupe A
5713.210910070002,5713.210910070002.Table.1.selections.txt,0,no-call,766.6553602563112,767.6553602563112,20,2000,8192,4096,2048,5713.210910070002_seg0_nocall_0.npy,no-call
5713.210910070002,5713.210910070002.Table.1.selections.txt,1,no-call,29.98721605312744,30.98721605312744,20,2000,8192,4096,2048,5713.210910070002_seg0_nocall_1.npy,no-call
5713.210910070002,5713.210910070002.Table.1.selections.txt,2,no-call,329.75268109475826,330.75268109475826,20,2000,8192,4096,2048,5713.210910070002_seg0_nocall_2.npy,no-call
